آستانه,تعداد_شاخص‌ها,لیست_شاخص‌ها,الگوی_وضعیت,تعداد_کل_وقوع,تعداد_ضررده,تعداد_سودده,درصد_ضررده,درصد_سودده,نسبت_شانس,ماه‌ها
0.0,1,CPI m/m,Good,27,17,10,63.0,37.0,1.7,2018-04|2018-05|2018-10|2019-02|2019-05|2019-10|2020-02|2020-04|2020-05|2020-06|2020-11|2021-09|2022-08|2022-11|2022-12|2023-04|2023-06|2023-07|2023-11|2024-05|2024-06|2024-07|2025-03|2025-04|2025-06|2025-10|2026-02
0.0,1,CPI m/m,Neutral,27,18,9,66.7,33.3,2.0,2018-06|2018-08|2018-12|2019-01|2019-03|2019-06|2019-08|2020-01|2020-10|2021-01|2022-03|2022-04|2023-01|2023-02|2023-03|2023-05|2023-08|2023-09|2024-03|2024-08|2024-09|2024-11|2024-12|2025-01|2025-07|2025-08|2026-01
0.0,1,CPI m/m,Bad,29,19,10,65.5,34.5,1.9,2019-04|2019-07|2019-11|2019-12|2020-07|2020-08|2020-09|2020-12|2021-04|2021-06|2021-07|2021-10|2021-11|2021-12|2022-01|2022-02|2022-05|2022-06|2022-07|2022-09|2022-10|2023-10|2023-12|2024-01|2024-02|2024-04|2024-10|2025-02|2025-09
0.1,1,CPI m/m,Neutral,54,34,20,63.0,37.0,1.7,2018-04|2018-05|2018-06|2018-08|2018-10|2018-12|2019-01|2019-02|2019-03|2019-06|2019-07|2019-08|2019-10|2019-12|2020-01|2020-02|2020-06|2020-07|2020-10|2020-11|2020-12|2021-01|2021-04|2022-01|2022-03|2022-04|2022-05|2023-01|2023-02|2023-03|2023-04|2023-05|2023-06|2023-07|2023-08|2023-09|2023-11|2023-12|2024-01|2024-02|2024-03|2024-06|2024-08|2024-09|2024-10|2024-11|2024-12|2025-01|2025-03|2025-06|2025-07|2025-08|2026-01|2026-02
0.1,1,CPI m/m,Bad,18,12,6,66.7,33.3,2.0,2019-04|2019-11|2020-08|2020-09|2021-06|2021-07|2021-10|2021-11|2021-12|2022-02|2022-06|2022-07|2022-09|2022-10|2023-10|2024-04|2025-02|2025-09
0.1,1,CPI m/m,Good,11,8,3,72.7,27.3,2.67,2019-05|2020-04|2020-05|2021-09|2022-08|2022-11|2022-12|2024-05|2024-07|2025-04|2025-10
0.2,1,CPI m/m,Neutral,79,50,29,63.3,36.7,1.72,2018-04|2018-05|2018-06|2018-08|2018-10|2018-12|2019-01|2019-02|2019-03|2019-04|2019-05|2019-06|2019-07|2019-08|2019-10|2019-11|2019-12|2020-01|2020-02|2020-04|2020-05|2020-06|2020-07|2020-09|2020-10|2020-11|2020-12|2021-01|2021-04|2021-06|2021-09|2021-10|2021-12|2022-01|2022-02|2022-03|2022-04|2022-05|2022-07|2022-08|2022-09|2022-10|2022-11|2022-12|2023-01|2023-02|2023-03|2023-04|2023-05|2023-06|2023-07|2023-08|2023-09|2023-10|2023-11|2023-12|2024-01|2024-02|2024-03|2024-04|2024-05|2024-06|2024-07|2024-08|2024-09|2024-10|2024-11|2024-12|2025-01|2025-02|2025-03|2025-04|2025-06|2025-07|2025-08|2025-09|2025-10|2026-01|2026-02
0.2,1,CPI m/m,Bad,4,4,0,100.0,0.0,inf,2020-08|2021-07|2021-11|2022-06
0.3,1,CPI m/m,Neutral,80,51,29,63.7,36.2,1.76,2018-04|2018-05|2018-06|2018-08|2018-10|2018-12|2019-01|2019-02|2019-03|2019-04|2019-05|2019-06|2019-07|2019-08|2019-10|2019-11|2019-12|2020-01|2020-02|2020-04|2020-05|2020-06|2020-07|2020-08|2020-09|2020-10|2020-11|2020-12|2021-01|2021-04|2021-06|2021-09|2021-10|2021-12|2022-01|2022-02|2022-03|2022-04|2022-05|2022-07|2022-08|2022-09|2022-10|2022-11|2022-12|2023-01|2023-02|2023-03|2023-04|2023-05|2023-06|2023-07|2023-08|2023-09|2023-10|2023-11|2023-12|2024-01|2024-02|2024-03|2024-04|2024-05|2024-06|2024-07|2024-08|2024-09|2024-10|2024-11|2024-12|2025-01|2025-02|2025-03|2025-04|2025-06|2025-07|2025-08|2025-09|2025-10|2026-01|2026-02
0.3,1,CPI m/m,Bad,3,3,0,100.0,0.0,inf,2021-07|2021-11|2022-06
0.0,1,Core CPI m/m,Neutral,28,18,10,64.3,35.7,1.8,2018-04|2018-08|2018-12|2019-01|2019-02|2019-11|2019-12|2020-02|2020-10|2021-01|2021-10|2021-12|2022-03|2023-01|2023-02|2023-04|2023-06|2023-08|2023-10|2023-12|2024-01|2024-05|2024-08|2024-11|2024-12|2025-08|2025-09|2026-02
0.0,1,Core CPI m/m,Good,28,18,10,64.3,35.7,1.8,2018-05|2018-10|2019-03|2019-04|2019-05|2019-06|2019-10|2020-01|2020-04|2020-05|2020-06|2020-11|2021-09|2022-04|2022-08|2022-11|2022-12|2023-07|2023-11|2024-06|2024-07|2025-01|2025-03|2025-04|2025-06|2025-07|2025-10|2026-01
0.0,1,Core CPI m/m,Bad,27,18,9,66.7,33.3,2.0,2018-06|2019-07|2019-08|2020-07|2020-08|2020-09|2020-12|2021-04|2021-06|2021-07|2021-11|2022-01|2022-02|2022-05|2022-06|2022-07|2022-09|2022-10|2023-03|2023-05|2023-09|2024-02|2024-03|2024-04|2024-09|2024-10|2025-02
0.1,1,Core CPI m/m,Neutral,60,38,22,63.3,36.7,1.73,2018-04|2018-05|2018-06|2018-08|2018-10|2018-12|2019-01|2019-02|2019-03|2019-04|2019-05|2019-06|2019-07|2019-08|2019-10|2019-11|2019-12|2020-01|2020-02|2020-06|2020-07|2020-10|2020-12|2021-01|2021-04|2021-10|2021-12|2022-01|2022-02|2022-03|2022-06|2022-12|2023-01|2023-02|2023-03|2023-04|2023-06|2023-07|2023-08|2023-09|2023-10|2023-11|2023-12|2024-01|2024-05|2024-06|2024-07|2024-08|2024-09|2024-10|2024-11|2024-12|2025-01|2025-03|2025-07|2025-08|2025-09|2025-10|2026-01|2026-02
0.1,1,Core CPI m/m,Good,9,6,3,66.7,33.3,2.0,2020-04|2020-05|2020-11|2021-09|2022-04|2022-08|2022-11|2025-04|2025-06
0.1,1,Core CPI m/m,Bad,14,10,4,71.4,28.6,2.5,2020-08|2020-09|2021-06|2021-07|2021-11|2022-05|2022-07|2022-09|2022-10|2023-05|2024-02|2024-03|2024-04|2025-02
0.2,1,Core CPI m/m,Neutral,80,52,28,65.0,35.0,1.86,2018-04|2018-05|2018-06|2018-08|2018-10|2018-12|2019-01|2019-02|2019-03|2019-04|2019-05|2019-06|2019-07|2019-08|2019-10|2019-11|2019-12|2020-01|2020-02|2020-04|2020-05|2020-06|2020-07|2020-09|2020-10|2020-11|2020-12|2021-01|2021-04|2021-06|2021-09|2021-10|2021-11|2021-12|2022-01|2022-02|2022-03|2022-04|2022-05|2022-06|2022-07|2022-08|2022-10|2022-11|2022-12|2023-01|2023-02|2023-03|2023-04|2023-05|2023-06|2023-07|2023-08|2023-09|2023-10|2023-11|2023-12|2024-01|2024-02|2024-03|2024-04|2024-05|2024-06|2024-07|2024-08|2024-09|2024-10|2024-11|2024-12|2025-01|2025-02|2025-03|2025-04|2025-06|2025-07|2025-08|2025-09|2025-10|2026-01|2026-02
0.2,1,Core CPI m/m,Bad,3,2,1,66.7,33.3,2.0,2020-08|2021-07|2022-09
0.3,1,Core CPI m/m,Neutral,81,52,29,64.2,35.8,1.79,2018-04|2018-05|2018-06|2018-08|2018-10|2018-12|2019-01|2019-02|2019-03|2019-04|2019-05|2019-06|2019-07|2019-08|2019-10|2019-11|2019-12|2020-01|2020-02|2020-04|2020-05|2020-06|2020-07|2020-09|2020-10|2020-11|2020-12|2021-01|2021-04|2021-06|2021-09|2021-10|2021-11|2021-12|2022-01|2022-02|2022-03|2022-04|2022-05|2022-06|2022-07|2022-08|2022-09|2022-10|2022-11|2022-12|2023-01|2023-02|2023-03|2023-04|2023-05|2023-06|2023-07|2023-08|2023-09|2023-10|2023-11|2023-12|2024-01|2024-02|2024-03|2024-04|2024-05|2024-06|2024-07|2024-08|2024-09|2024-10|2024-11|2024-12|2025-01|2025-02|2025-03|2025-04|2025-06|2025-07|2025-08|2025-09|2025-10|2026-01|2026-02
0.3,1,Core CPI m/m,Bad,2,2,0,100.0,0.0,inf,2020-08|2021-07
0.0,1,PPI m/m,Bad,36,23,13,63.9,36.1,1.77,2018-04|2018-06|2018-12|2019-04|2019-11|2020-02|2020-04|2020-06|2020-08|2020-09|2020-10|2020-11|2021-04|2021-06|2021-07|2021-09|2021-12|2022-02|2022-04|2022-07|2022-10|2022-12|2023-02|2023-08|2023-09|2023-10|2024-02|2024-03|2024-05|2024-07|2024-09|2024-12|2025-02|2025-08|2026-01|2026-02
0.0,1,PPI m/m,Good,34,21,13,61.8,38.2,1.62,2018-05|2018-08|2019-01|2019-02|2019-03|2019-10|2019-12|2020-01|2020-05|2020-07|2021-01|2021-10|2022-01|2022-03|2022-08|2022-11|2023-01|2023-03|2023-04|2023-05|2023-06|2023-07|2023-11|2024-01|2024-04|2024-06|2024-08|2024-10|2025-01|2025-03|2025-04|2025-06|2025-07|2025-09
0.0,1,PPI m/m,Neutral,13,10,3,76.9,23.1,3.33,2018-10|2019-05|2019-06|2019-07|2019-08|2020-12|2021-11|2022-05|2022-06|2022-09|2023-12|2024-11|2025-11
0.1,1,PPI m/m,Bad,27,16,11,59.3,40.7,1.45,2018-04|2018-06|2019-04|2019-11|2020-02|2020-06|2020-08|2020-10|2021-04|2021-06|2021-07|2021-12|2022-02|2022-04|2022-07|2022-10|2023-02|2023-09|2023-10|2024-02|2024-03|2024-05|2024-12|2025-02|2025-08|2026-01|2026-02
0.1,1,PPI m/m,Neutral,33,24,9,72.7,27.3,2.67,2018-05|2018-10|2018-12|2019-01|2019-03|2019-05|2019-06|2019-07|2019-08|2020-01|2020-04|2020-09|2020-11|2020-12|2021-09|2021-10|2021-11|2022-05|2022-06|2022-09|2022-12|2023-05|2023-07|2023-08|2023-12|2024-04|2024-07|2024-08|2024-09|2024-10|2024-11|2025-06|2025-11
0.1,1,PPI m/m,Good,23,14,9,60.9,39.1,1.56,2018-08|2019-02|2019-10|2019-12|2020-05|2020-07|2021-01|2022-01|2022-03|2022-08|2022-11|2023-01|2023-03|2023-04|2023-06|2023-11|2024-01|2024-06|2025-01|2025-03|2025-04|2025-07|2025-09
0.2,1,PPI m/m,Neutral,56,37,19,66.1,33.9,1.95,2018-04|2018-05|2018-06|2018-08|2018-10|2018-12|2019-01|2019-02|2019-03|2019-05|2019-06|2019-07|2019-08|2019-11|2019-12|2020-01|2020-04|2020-09|2020-10|2020-11|2020-12|2021-01|2021-09|2021-10|2021-11|2022-01|2022-03|2022-05|2022-06|2022-09|2022-10|2022-11|2022-12|2023-05|2023-06|2023-07|2023-08|2023-10|2023-12|2024-01|2024-02|2024-04|2024-05|2024-07|2024-08|2024-09|2024-10|2024-11|2024-12|2025-01|2025-02|2025-06|2025-07|2025-11|2026-01|2026-02
0.2,1,PPI m/m,Bad,15,12,3,80.0,20.0,4.0,2019-04|2020-02|2020-06|2020-08|2021-04|2021-06|2021-07|2021-12|2022-02|2022-04|2022-07|2023-02|2023-09|2024-03|2025-08
0.2,1,PPI m/m,Good,12,5,7,41.7,58.3,0.71,2019-10|2020-05|2020-07|2022-08|2023-01|2023-03|2023-04|2023-11|2024-06|2025-03|2025-04|2025-09
0.3,1,PPI m/m,Neutral,63,42,21,66.7,33.3,2.0,2018-04|2018-05|2018-06|2018-08|2018-10|2018-12|2019-01|2019-02|2019-03|2019-04|2019-05|2019-06|2019-07|2019-08|2019-11|2019-12|2020-01|2020-04|2020-08|2020-09|2020-10|2020-11|2020-12|2021-01|2021-09|2021-10|2021-11|2022-01|2022-03|2022-04|2022-05|2022-06|2022-09|2022-10|2022-11|2022-12|2023-02|2023-05|2023-06|2023-07|2023-08|2023-09|2023-10|2023-12|2024-01|2024-02|2024-03|2024-04|2024-05|2024-07|2024-08|2024-09|2024-10|2024-11|2024-12|2025-01|2025-02|2025-03|2025-06|2025-07|2025-11|2026-01|2026-02
0.3,1,PPI m/m,Good,11,5,6,45.5,54.5,0.83,2019-10|2020-05|2020-07|2022-08|2023-01|2023-03|2023-04|2023-11|2024-06|2025-04|2025-09
0.3,1,PPI m/m,Bad,9,7,2,77.8,22.2,3.5,2020-02|2020-06|2021-04|2021-06|2021-07|2021-12|2022-02|2022-07|2025-08
0.0,1,Core PPI m/m,Bad,32,22,10,68.8,31.2,2.2,2018-04|2018-06|2018-12|2019-02|2019-04|2019-07|2019-11|2020-02|2020-04|2020-08|2020-09|2020-10|2021-04|2021-06|2021-07|2021-09|2021-12|2022-02|2022-04|2022-09|2022-12|2023-02|2023-08|2023-10|2024-02|2024-03|2024-05|2024-07|2024-09|2025-08|2026-01|2026-02
0.0,1,Core PPI m/m,Neutral,16,10,6,62.5,37.5,1.67,2018-05|2018-10|2019-06|2020-06|2021-01|2022-01|2022-10|2023-01|2023-05|2023-06|2023-09|2024-04|2024-10|2024-11|2024-12|2025-02
0.0,1,Core PPI m/m,Good,35,22,13,62.9,37.1,1.69,2018-08|2019-01|2019-03|2019-05|2019-08|2019-10|2019-12|2020-01|2020-05|2020-07|2020-11|2020-12|2021-10|2021-11|2022-03|2022-05|2022-06|2022-07|2022-08|2022-11|2023-03|2023-04|2023-07|2023-11|2023-12|2024-01|2024-06|2024-08|2025-01|2025-03|2025-04|2025-06|2025-07|2025-09|2025-11
0.1,1,Core PPI m/m,Neutral,38,25,13,65.8,34.2,1.92,2018-04|2018-05|2018-06|2018-08|2018-10|2019-02|2019-03|2019-04|2019-05|2019-06|2019-07|2019-11|2020-01|2020-06|2020-11|2020-12|2021-01|2021-09|2021-11|2022-01|2022-06|2022-07|2022-10|2023-01|2023-05|2023-06|2023-07|2023-08|2023-09|2023-10|2024-03|2024-04|2024-09|2024-10|2024-11|2024-12|2025-02|2025-11
0.1,1,Core PPI m/m,Bad,21,14,7,66.7,33.3,2.0,2018-12|2020-02|2020-04|2020-08|2020-09|2020-10|2021-04|2021-06|2021-07|2021-12|2022-02|2022-04|2022-09|2022-12|2023-02|2024-02|2024-05|2024-07|2025-08|2026-01|2026-02
0.1,1,Core PPI m/m,Good,24,15,9,62.5,37.5,1.67,2019-01|2019-08|2019-10|2019-12|2020-05|2020-07|2021-10|2022-03|2022-05|2022-08|2022-11|2023-03|2023-04|2023-11|2023-12|2024-01|2024-06|2024-08|2025-01|2025-03|2025-04|2025-06|2025-07|2025-09
0.2,1,Core PPI m/m,Neutral,57,41,16,71.9,28.1,2.56,2018-04|2018-05|2018-06|2018-08|2018-10|2018-12|2019-02|2019-03|2019-04|2019-05|2019-06|2019-07|2019-11|2020-01|2020-04|2020-05|2020-06|2020-09|2020-10|2020-11|2020-12|2021-01|2021-06|2021-09|2021-11|2022-01|2022-05|2022-06|2022-07|2022-08|2022-09|2022-10|2022-12|2023-01|2023-02|2023-05|2023-06|2023-07|2023-08|2023-09|2023-10|2023-12|2024-01|2024-03|2024-04|2024-07|2024-08|2024-09|2024-10|2024-11|2024-12|2025-01|2025-02|2025-06|2025-07|2025-11|2026-01
0.2,1,Core PPI m/m,Good,15,7,8,46.7,53.3,0.87,2019-01|2019-08|2019-10|2019-12|2020-07|2021-10|2022-03|2022-11|2023-03|2023-04|2023-11|2024-06|2025-03|2025-04|2025-09
0.2,1,Core PPI m/m,Bad,11,6,5,54.5,45.5,1.2,2020-02|2020-08|2021-04|2021-07|2021-12|2022-02|2022-04|2024-02|2024-05|2025-08|2026-02
0.3,1,Core PPI m/m,Neutral,64,46,18,71.9,28.1,2.56,2018-04|2018-05|2018-06|2018-08|2018-10|2018-12|2019-02|2019-03|2019-04|2019-05|2019-06|2019-07|2019-11|2020-01|2020-02|2020-04|2020-05|2020-06|2020-09|2020-10|2020-11|2020-12|2021-01|2021-06|2021-09|2021-10|2021-11|2021-12|2022-01|2022-05|2022-06|2022-07|2022-08|2022-09|2022-10|2022-11|2022-12|2023-01|2023-02|2023-05|2023-06|2023-07|2023-08|2023-09|2023-10|2023-11|2023-12|2024-01|2024-03|2024-04|2024-05|2024-06|2024-07|2024-08|2024-09|2024-10|2024-11|2024-12|2025-01|2025-02|2025-06|2025-07|2025-11|2026-01
0.3,1,Core PPI m/m,Good,11,4,7,36.4,63.6,0.57,2019-01|2019-08|2019-10|2019-12|2020-07|2022-03|2023-03|2023-04|2025-03|2025-04|2025-09
0.3,1,Core PPI m/m,Bad,8,4,4,50.0,50.0,1.0,2020-08|2021-04|2021-07|2022-02|2022-04|2024-02|2025-08|2026-02
0.0,1,FOMC,Neutral,12,7,5,58.3,41.7,1.4,2023-03|2023-05|2023-06|2023-07|2023-09|2023-11|2023-12|2024-06|2024-07|2024-11|2024-12|2025-01
0.0,1,FOMC,Good,1,1,0,100.0,0.0,inf,2024-09
0.1,1,FOMC,Neutral,12,7,5,58.3,41.7,1.4,2023-03|2023-05|2023-06|2023-07|2023-09|2023-11|2023-12|2024-06|2024-07|2024-11|2024-12|2025-01
0.1,1,FOMC,Good,1,1,0,100.0,0.0,inf,2024-09
0.2,1,FOMC,Neutral,12,7,5,58.3,41.7,1.4,2023-03|2023-05|2023-06|2023-07|2023-09|2023-11|2023-12|2024-06|2024-07|2024-11|2024-12|2025-01
0.2,1,FOMC,Good,1,1,0,100.0,0.0,inf,2024-09
0.3,1,FOMC,Neutral,13,8,5,61.5,38.5,1.6,2023-03|2023-05|2023-06|2023-07|2023-09|2023-11|2023-12|2024-06|2024-07|2024-09|2024-11|2024-12|2025-01
0.0,1,CPI y/y,Neutral,26,17,9,65.4,34.6,1.89,2018-04|2018-05|2018-06|2018-08|2018-12|2019-01|2019-07|2020-01|2020-07|2020-10|2020-12|2021-01|2021-09|2021-12|2022-01|2022-03|2023-01|2023-03|2023-12|2024-05|2024-09|2024-11|2024-12|2025-01|2025-09|2026-01
0.0,1,CPI y/y,Good,28,19,9,67.9,32.1,2.11,2018-10|2019-03|2019-05|2019-06|2019-10|2020-04|2020-05|2020-06|2020-11|2022-08|2022-11|2022-12|2023-04|2023-05|2023-06|2023-07|2023-08|2023-11|2024-06|2024-07|2024-08|2025-03|2025-04|2025-06|2025-08|2025-10|2025-12|2026-02
0.0,1,CPI y/y,Bad,30,19,11,63.3,36.7,1.73,2019-02|2019-04|2019-08|2019-11|2019-12|2020-02|2020-08|2020-09|2021-04|2021-06|2021-07|2021-10|2021-11|2022-02|2022-04|2022-05|2022-06|2022-07|2022-09|2022-10|2023-02|2023-09|2023-10|2024-01|2024-02|2024-03|2024-04|2024-10|2025-02|2025-07
0.1,1,CPI y/y,Neutral,36,24,12,66.7,33.3,2.0,2018-04|2018-05|2018-06|2018-08|2018-12|2019-01|2019-04|2019-06|2019-07|2020-01|2020-07|2020-10|2020-12|2021-01|2021-09|2021-12|2022-01|2022-03|2022-04|2022-10|2023-01|2023-03|2023-04|2023-05|2023-06|2023-08|2023-11|2023-12|2024-05|2024-09|2024-11|2024-12|2025-01|2025-08|2025-09|2026-01
0.1,1,CPI y/y,Good,21,14,7,66.7,33.3,2.0,2018-10|2019-03|2019-05|2019-10|2020-04|2020-05|2020-06|2020-11|2022-08|2022-11|2022-12|2023-07|2024-06|2024-07|2024-08|2025-03|2025-04|2025-06|2025-10|2025-12|2026-02
0.1,1,CPI y/y,Bad,27,17,10,63.0,37.0,1.7,2019-02|2019-08|2019-11|2019-12|2020-02|2020-08|2020-09|2021-04|2021-06|2021-07|2021-10|2021-11|2022-02|2022-05|2022-06|2022-07|2022-09|2023-02|2023-09|2023-10|2024-01|2024-02|2024-03|2024-04|2024-10|2025-02|2025-07
0.2,1,CPI y/y,Neutral,70,44,26,62.9,37.1,1.69,2018-04|2018-05|2018-06|2018-08|2018-10|2018-12|2019-01|2019-02|2019-03|2019-04|2019-05|2019-06|2019-07|2019-08|2019-10|2019-11|2019-12|2020-01|2020-02|2020-04|2020-05|2020-06|2020-07|2020-09|2020-10|2020-11|2020-12|2021-01|2021-04|2021-09|2021-10|2021-12|2022-01|2022-03|2022-04|2022-08|2022-10|2023-01|2023-03|2023-04|2023-05|2023-06|2023-07|2023-08|2023-09|2023-10|2023-11|2023-12|2024-01|2024-03|2024-04|2024-05|2024-06|2024-07|2024-08|2024-09|2024-10|2024-11|2024-12|2025-01|2025-02|2025-03|2025-04|2025-06|2025-07|2025-08|2025-09|2025-10|2026-01|2026-02
0.2,1,CPI y/y,Bad,11,8,3,72.7,27.3,2.67,2020-08|2021-06|2021-07|2021-11|2022-02|2022-05|2022-06|2022-07|2022-09|2023-02|2024-02
0.2,1,CPI y/y,Good,3,3,0,100.0,0.0,inf,2022-11|2022-12|2025-12
0.3,1,CPI y/y,Neutral,80,51,29,63.7,36.2,1.76,2018-04|2018-05|2018-06|2018-08|2018-10|2018-12|2019-01|2019-02|2019-03|2019-04|2019-05|2019-06|2019-07|2019-08|2019-10|2019-11|2019-12|2020-01|2020-02|2020-04|2020-05|2020-06|2020-07|2020-09|2020-10|2020-11|2020-12|2021-01|2021-04|2021-06|2021-09|2021-10|2021-11|2021-12|2022-01|2022-02|2022-03|2022-04|2022-05|2022-06|2022-08|2022-09|2022-10|2022-11|2022-12|2023-01|2023-02|2023-03|2023-04|2023-05|2023-06|2023-07|2023-08|2023-09|2023-10|2023-11|2023-12|2024-01|2024-02|2024-03|2024-04|2024-05|2024-06|2024-07|2024-08|2024-09|2024-10|2024-11|2024-12|2025-01|2025-02|2025-03|2025-04|2025-06|2025-07|2025-08|2025-09|2025-10|2026-01|2026-02
0.3,1,CPI y/y,Bad,3,3,0,100.0,0.0,inf,2020-08|2021-07|2022-07
0.3,1,CPI y/y,Good,1,1,0,100.0,0.0,inf,2025-12
0.0,2,CPI m/m|Core CPI m/m,Good|Neutral,7,4,3,57.1,42.9,1.33,2018-04|2019-02|2020-02|2023-04|2023-06|2024-05|2026-02
0.0,2,CPI m/m|Core CPI m/m,Good|Good,20,13,7,65.0,35.0,1.86,2018-05|2018-10|2019-05|2019-10|2020-04|2020-05|2020-06|2020-11|2021-09|2022-08|2022-11|2022-12|2023-07|2023-11|2024-06|2024-07|2025-03|2025-04|2025-06|2025-10
0.0,2,CPI m/m|Core CPI m/m,Neutral|Bad,7,5,2,71.4,28.6,2.5,2018-06|2019-08|2023-03|2023-05|2023-09|2024-03|2024-09
0.0,2,CPI m/m|Core CPI m/m,Neutral|Neutral,13,9,4,69.2,30.8,2.25,2018-08|2018-12|2019-01|2020-10|2021-01|2022-03|2023-01|2023-02|2023-08|2024-08|2024-11|2024-12|2025-08
0.0,2,CPI m/m|Core CPI m/m,Neutral|Good,7,4,3,57.1,42.9,1.33,2019-03|2019-06|2020-01|2022-04|2025-01|2025-07|2026-01
0.0,2,CPI m/m|Core CPI m/m,Bad|Good,1,1,0,100.0,0.0,inf,2019-04
0.0,2,CPI m/m|Core CPI m/m,Bad|Bad,20,13,7,65.0,35.0,1.86,2019-07|2020-07|2020-08|2020-09|2020-12|2021-04|2021-06|2021-07|2021-11|2022-01|2022-02|2022-05|2022-06|2022-07|2022-09|2022-10|2024-02|2024-04|2024-10|2025-02
0.0,2,CPI m/m|Core CPI m/m,Bad|Neutral,8,5,3,62.5,37.5,1.67,2019-11|2019-12|2021-10|2021-12|2023-10|2023-12|2024-01|2025-09
0.1,2,CPI m/m|Core CPI m/m,Neutral|Neutral,47,29,18,61.7,38.3,1.61,2018-04|2018-05|2018-06|2018-08|2018-10|2018-12|2019-01|2019-02|2019-03|2019-06|2019-07|2019-08|2019-10|2019-12|2020-01|2020-02|2020-06|2020-07|2020-10|2020-12|2021-01|2021-04|2022-01|2022-03|2023-01|2023-02|2023-03|2023-04|2023-06|2023-07|2023-08|2023-09|2023-11|2023-12|2024-01|2024-06|2024-08|2024-09|2024-10|2024-11|2024-12|2025-01|2025-03|2025-07|2025-08|2026-01|2026-02
0.1,2,CPI m/m|Core CPI m/m,Bad|Neutral,8,5,3,62.5,37.5,1.67,2019-04|2019-11|2021-10|2021-12|2022-02|2022-06|2023-10|2025-09
0.1,2,CPI m/m|Core CPI m/m,Good|Neutral,5,4,1,80.0,20.0,4.0,2019-05|2022-12|2024-05|2024-07|2025-10
0.1,2,CPI m/m|Core CPI m/m,Good|Good,6,4,2,66.7,33.3,2.0,2020-04|2020-05|2021-09|2022-08|2022-11|2025-04
0.1,2,CPI m/m|Core CPI m/m,Bad|Bad,10,7,3,70.0,30.0,2.33,2020-08|2020-09|2021-06|2021-07|2021-11|2022-07|2022-09|2022-10|2024-04|2025-02
0.1,2,CPI m/m|Core CPI m/m,Neutral|Good,3,2,1,66.7,33.3,2.0,2020-11|2022-04|2025-06
0.1,2,CPI m/m|Core CPI m/m,Neutral|Bad,4,3,1,75.0,25.0,3.0,2022-05|2023-05|2024-02|2024-03
0.2,2,CPI m/m|Core CPI m/m,Neutral|Neutral,78,50,28,64.1,35.9,1.79,2018-04|2018-05|2018-06|2018-08|2018-10|2018-12|2019-01|2019-02|2019-03|2019-04|2019-05|2019-06|2019-07|2019-08|2019-10|2019-11|2019-12|2020-01|2020-02|2020-04|2020-05|2020-06|2020-07|2020-09|2020-10|2020-11|2020-12|2021-01|2021-04|2021-06|2021-09|2021-10|2021-12|2022-01|2022-02|2022-03|2022-04|2022-05|2022-07|2022-08|2022-10|2022-11|2022-12|2023-01|2023-02|2023-03|2023-04|2023-05|2023-06|2023-07|2023-08|2023-09|2023-10|2023-11|2023-12|2024-01|2024-02|2024-03|2024-04|2024-05|2024-06|2024-07|2024-08|2024-09|2024-10|2024-11|2024-12|2025-01|2025-02|2025-03|2025-04|2025-06|2025-07|2025-08|2025-09|2025-10|2026-01|2026-02
0.2,2,CPI m/m|Core CPI m/m,Bad|Bad,2,2,0,100.0,0.0,inf,2020-08|2021-07
0.2,2,CPI m/m|Core CPI m/m,Bad|Neutral,2,2,0,100.0,0.0,inf,2021-11|2022-06
0.2,2,CPI m/m|Core CPI m/m,Neutral|Bad,1,0,1,0.0,100.0,0.0,2022-09
0.3,2,CPI m/m|Core CPI m/m,Neutral|Neutral,79,50,29,63.3,36.7,1.72,2018-04|2018-05|2018-06|2018-08|2018-10|2018-12|2019-01|2019-02|2019-03|2019-04|2019-05|2019-06|2019-07|2019-08|2019-10|2019-11|2019-12|2020-01|2020-02|2020-04|2020-05|2020-06|2020-07|2020-09|2020-10|2020-11|2020-12|2021-01|2021-04|2021-06|2021-09|2021-10|2021-12|2022-01|2022-02|2022-03|2022-04|2022-05|2022-07|2022-08|2022-09|2022-10|2022-11|2022-12|2023-01|2023-02|2023-03|2023-04|2023-05|2023-06|2023-07|2023-08|2023-09|2023-10|2023-11|2023-12|2024-01|2024-02|2024-03|2024-04|2024-05|2024-06|2024-07|2024-08|2024-09|2024-10|2024-11|2024-12|2025-01|2025-02|2025-03|2025-04|2025-06|2025-07|2025-08|2025-09|2025-10|2026-01|2026-02
0.3,2,CPI m/m|Core CPI m/m,Neutral|Bad,1,1,0,100.0,0.0,inf,2020-08
0.3,2,CPI m/m|Core CPI m/m,Bad|Bad,1,1,0,100.0,0.0,inf,2021-07
0.3,2,CPI m/m|Core CPI m/m,Bad|Neutral,2,2,0,100.0,0.0,inf,2021-11|2022-06
0.0,2,CPI m/m|PPI m/m,Good|Bad,10,6,4,60.0,40.0,1.5,2018-04|2020-02|2020-04|2020-06|2020-11|2021-09|2022-12|2024-05|2024-07|2026-02
0.0,2,CPI m/m|PPI m/m,Good|Good,14,8,6,57.1,42.9,1.33,2018-05|2019-02|2019-10|2020-05|2022-08|2022-11|2023-04|2023-06|2023-07|2023-11|2024-06|2025-03|2025-04|2025-06
0.0,2,CPI m/m|PPI m/m,Neutral|Bad,12,9,3,75.0,25.0,3.0,2018-06|2018-12|2020-10|2022-04|2023-02|2023-08|2023-09|2024-03|2024-09|2024-12|2025-08|2026-01
0.0,2,CPI m/m|PPI m/m,Neutral|Good,12,8,4,66.7,33.3,2.0,2018-08|2019-01|2019-03|2020-01|2021-01|2022-03|2023-01|2023-03|2023-05|2024-08|2025-01|2025-07
0.0,2,CPI m/m|PPI m/m,Good|Neutral,2,2,0,100.0,0.0,inf,2018-10|2019-05
0.0,2,CPI m/m|PPI m/m,Bad|Bad,14,8,6,57.1,42.9,1.33,2019-04|2019-11|2020-08|2020-09|2021-04|2021-06|2021-07|2021-12|2022-02|2022-07|2022-10|2023-10|2024-02|2025-02
0.0,2,CPI m/m|PPI m/m,Neutral|Neutral,3,1,2,33.3,66.7,0.5,2019-06|2019-08|2024-11
0.0,2,CPI m/m|PPI m/m,Bad|Neutral,7,6,1,85.7,14.3,6.0,2019-07|2020-12|2021-11|2022-05|2022-06|2022-09|2023-12
0.0,2,CPI m/m|PPI m/m,Bad|Good,8,5,3,62.5,37.5,1.67,2019-12|2020-07|2021-10|2022-01|2024-01|2024-04|2024-10|2025-09
0.1,2,CPI m/m|PPI m/m,Neutral|Bad,15,9,6,60.0,40.0,1.5,2018-04|2018-06|2020-02|2020-06|2020-10|2021-04|2022-04|2023-02|2023-09|2024-02|2024-03|2024-12|2025-08|2026-01|2026-02
0.1,2,CPI m/m|PPI m/m,Neutral|Neutral,21,15,6,71.4,28.6,2.5,2018-05|2018-10|2018-12|2019-01|2019-03|2019-06|2019-07|2019-08|2020-01|2020-11|2020-12|2022-05|2023-05|2023-07|2023-08|2023-12|2024-08|2024-09|2024-10|2024-11|2025-06
0.1,2,CPI m/m|PPI m/m,Neutral|Good,18,10,8,55.6,44.4,1.25,2018-08|2019-02|2019-10|2019-12|2020-07|2021-01|2022-01|2022-03|2023-01|2023-03|2023-04|2023-06|2023-11|2024-01|2024-06|2025-01|2025-03|2025-07
0.1,2,CPI m/m|PPI m/m,Bad|Bad,11,7,4,63.6,36.4,1.75,2019-04|2019-11|2020-08|2021-06|2021-07|2021-12|2022-02|2022-07|2022-10|2023-10|2025-02
0.1,2,CPI m/m|PPI m/m,Good|Neutral,5,4,1,80.0,20.0,4.0,2019-05|2020-04|2021-09|2022-12|2024-07
0.1,2,CPI m/m|PPI m/m,Good|Good,4,3,1,75.0,25.0,3.0,2020-05|2022-08|2022-11|2025-04
0.1,2,CPI m/m|PPI m/m,Bad|Neutral,6,4,2,66.7,33.3,2.0,2020-09|2021-10|2021-11|2022-06|2022-09|2024-04
0.1,2,CPI m/m|PPI m/m,Good|Bad,1,0,1,0.0,100.0,0.0,2024-05
0.1,2,CPI m/m|PPI m/m,Bad|Good,1,1,0,100.0,0.0,inf,2025-09
0.2,2,CPI m/m|PPI m/m,Neutral|Neutral,53,34,19,64.2,35.8,1.79,2018-04|2018-05|2018-06|2018-08|2018-10|2018-12|2019-01|2019-02|2019-03|2019-05|2019-06|2019-07|2019-08|2019-11|2019-12|2020-01|2020-04|2020-09|2020-10|2020-11|2020-12|2021-01|2021-09|2021-10|2022-01|2022-03|2022-05|2022-09|2022-10|2022-11|2022-12|2023-05|2023-06|2023-07|2023-08|2023-10|2023-12|2024-01|2024-02|2024-04|2024-05|2024-07|2024-08|2024-09|2024-10|2024-11|2024-12|2025-01|2025-02|2025-06|2025-07|2026-01|2026-02
0.2,2,CPI m/m|PPI m/m,Neutral|Bad,13,10,3,76.9,23.1,3.33,2019-04|2020-02|2020-06|2021-04|2021-06|2021-12|2022-02|2022-04|2022-07|2023-02|2023-09|2024-03|2025-08
0.2,2,CPI m/m|PPI m/m,Neutral|Good,12,5,7,41.7,58.3,0.71,2019-10|2020-05|2020-07|2022-08|2023-01|2023-03|2023-04|2023-11|2024-06|2025-03|2025-04|2025-09
0.2,2,CPI m/m|PPI m/m,Bad|Bad,2,2,0,100.0,0.0,inf,2020-08|2021-07
0.2,2,CPI m/m|PPI m/m,Bad|Neutral,2,2,0,100.0,0.0,inf,2021-11|2022-06
0.3,2,CPI m/m|PPI m/m,Neutral|Neutral,60,39,21,65.0,35.0,1.86,2018-04|2018-05|2018-06|2018-08|2018-10|2018-12|2019-01|2019-02|2019-03|2019-04|2019-05|2019-06|2019-07|2019-08|2019-11|2019-12|2020-01|2020-04|2020-08|2020-09|2020-10|2020-11|2020-12|2021-01|2021-09|2021-10|2022-01|2022-03|2022-04|2022-05|2022-09|2022-10|2022-11|2022-12|2023-02|2023-05|2023-06|2023-07|2023-08|2023-09|2023-10|2023-12|2024-01|2024-02|2024-03|2024-04|2024-05|2024-07|2024-08|2024-09|2024-10|2024-11|2024-12|2025-01|2025-02|2025-03|2025-06|2025-07|2026-01|2026-02
0.3,2,CPI m/m|PPI m/m,Neutral|Good,11,5,6,45.5,54.5,0.83,2019-10|2020-05|2020-07|2022-08|2023-01|2023-03|2023-04|2023-11|2024-06|2025-04|2025-09
0.3,2,CPI m/m|PPI m/m,Neutral|Bad,8,6,2,75.0,25.0,3.0,2020-02|2020-06|2021-04|2021-06|2021-12|2022-02|2022-07|2025-08
0.3,2,CPI m/m|PPI m/m,Bad|Bad,1,1,0,100.0,0.0,inf,2021-07
0.3,2,CPI m/m|PPI m/m,Bad|Neutral,2,2,0,100.0,0.0,inf,2021-11|2022-06
0.0,2,CPI m/m|Core PPI m/m,Good|Bad,9,6,3,66.7,33.3,2.0,2018-04|2019-02|2020-02|2020-04|2021-09|2022-12|2024-05|2024-07|2026-02
0.0,2,CPI m/m|Core PPI m/m,Good|Neutral,4,4,0,100.0,0.0,inf,2018-05|2018-10|2020-06|2023-06
0.0,2,CPI m/m|Core PPI m/m,Neutral|Bad,10,9,1,90.0,10.0,9.0,2018-06|2018-12|2020-10|2022-04|2023-02|2023-08|2024-03|2024-09|2025-08|2026-01
0.0,2,CPI m/m|Core PPI m/m,Neutral|Good,10,6,4,60.0,40.0,1.5,2018-08|2019-01|2019-03|2019-08|2020-01|2022-03|2023-03|2024-08|2025-01|2025-07
0.0,2,CPI m/m|Core PPI m/m,Bad|Bad,13,7,6,53.8,46.2,1.17,2019-04|2019-07|2019-11|2020-08|2020-09|2021-04|2021-06|2021-07|2021-12|2022-02|2022-09|2023-10|2024-02
0.0,2,CPI m/m|Core PPI m/m,Good|Good,13,6,7,46.2,53.8,0.86,2019-05|2019-10|2020-05|2020-11|2022-08|2022-11|2023-04|2023-07|2023-11|2024-06|2025-03|2025-04|2025-06
0.0,2,CPI m/m|Core PPI m/m,Neutral|Neutral,7,3,4,42.9,57.1,0.75,2019-06|2021-01|2023-01|2023-05|2023-09|2024-11|2024-12
0.0,2,CPI m/m|Core PPI m/m,Bad|Good,11,9,2,81.8,18.2,4.5,2019-12|2020-07|2020-12|2021-10|2021-11|2022-05|2022-06|2022-07|2023-12|2024-01|2025-09
0.0,2,CPI m/m|Core PPI m/m,Bad|Neutral,5,3,2,60.0,40.0,1.5,2022-01|2022-10|2024-04|2024-10|2025-02
0.1,2,CPI m/m|Core PPI m/m,Neutral|Neutral,26,18,8,69.2,30.8,2.25,2018-04|2018-05|2018-06|2018-08|2018-10|2019-02|2019-03|2019-06|2019-07|2020-01|2020-06|2020-11|2020-12|2021-01|2022-01|2023-01|2023-05|2023-06|2023-07|2023-08|2023-09|2024-03|2024-09|2024-10|2024-11|2024-12
0.1,2,CPI m/m|Core PPI m/m,Neutral|Bad,10,6,4,60.0,40.0,1.5,2018-12|2020-02|2020-10|2021-04|2022-04|2023-02|2024-02|2025-08|2026-01|2026-02
0.1,2,CPI m/m|Core PPI m/m,Neutral|Good,18,10,8,55.6,44.4,1.25,2019-01|2019-08|2019-10|2019-12|2020-07|2022-03|2022-05|2023-03|2023-04|2023-11|2023-12|2024-01|2024-06|2024-08|2025-01|2025-03|2025-06|2025-07
0.1,2,CPI m/m|Core PPI m/m,Bad|Neutral,9,5,4,55.6,44.4,1.25,2019-04|2019-11|2021-11|2022-06|2022-07|2022-10|2023-10|2024-04|2025-02
0.1,2,CPI m/m|Core PPI m/m,Good|Neutral,2,1,1,50.0,50.0,1.0,2019-05|2021-09
0.1,2,CPI m/m|Core PPI m/m,Good|Bad,4,3,1,75.0,25.0,3.0,2020-04|2022-12|2024-05|2024-07
0.1,2,CPI m/m|Core PPI m/m,Good|Good,4,3,1,75.0,25.0,3.0,2020-05|2022-08|2022-11|2025-04
0.1,2,CPI m/m|Core PPI m/m,Bad|Bad,7,5,2,71.4,28.6,2.5,2020-08|2020-09|2021-06|2021-07|2021-12|2022-02|2022-09
0.1,2,CPI m/m|Core PPI m/m,Bad|Good,2,2,0,100.0,0.0,inf,2021-10|2025-09
0.2,2,CPI m/m|Core PPI m/m,Neutral|Neutral,54,38,16,70.4,29.6,2.38,2018-04|2018-05|2018-06|2018-08|2018-10|2018-12|2019-02|2019-03|2019-04|2019-05|2019-06|2019-07|2019-11|2020-01|2020-04|2020-05|2020-06|2020-09|2020-10|2020-11|2020-12|2021-01|2021-06|2021-09|2022-01|2022-05|2022-07|2022-08|2022-09|2022-10|2022-12|2023-01|2023-02|2023-05|2023-06|2023-07|2023-08|2023-09|2023-10|2023-12|2024-01|2024-03|2024-04|2024-07|2024-08|2024-09|2024-10|2024-11|2024-12|2025-01|2025-02|2025-06|2025-07|2026-01
0.2,2,CPI m/m|Core PPI m/m,Neutral|Good,15,7,8,46.7,53.3,0.87,2019-01|2019-08|2019-10|2019-12|2020-07|2021-10|2022-03|2022-11|2023-03|2023-04|2023-11|2024-06|2025-03|2025-04|2025-09
0.2,2,CPI m/m|Core PPI m/m,Neutral|Bad,9,4,5,44.4,55.6,0.8,2020-02|2021-04|2021-12|2022-02|2022-04|2024-02|2024-05|2025-08|2026-02
0.2,2,CPI m/m|Core PPI m/m,Bad|Bad,2,2,0,100.0,0.0,inf,2020-08|2021-07
0.2,2,CPI m/m|Core PPI m/m,Bad|Neutral,2,2,0,100.0,0.0,inf,2021-11|2022-06
0.3,2,CPI m/m|Core PPI m/m,Neutral|Neutral,61,43,18,70.5,29.5,2.39,2018-04|2018-05|2018-06|2018-08|2018-10|2018-12|2019-02|2019-03|2019-04|2019-05|2019-06|2019-07|2019-11|2020-01|2020-02|2020-04|2020-05|2020-06|2020-09|2020-10|2020-11|2020-12|2021-01|2021-06|2021-09|2021-10|2021-12|2022-01|2022-05|2022-07|2022-08|2022-09|2022-10|2022-11|2022-12|2023-01|2023-02|2023-05|2023-06|2023-07|2023-08|2023-09|2023-10|2023-11|2023-12|2024-01|2024-03|2024-04|2024-05|2024-06|2024-07|2024-08|2024-09|2024-10|2024-11|2024-12|2025-01|2025-02|2025-06|2025-07|2026-01
0.3,2,CPI m/m|Core PPI m/m,Neutral|Good,11,4,7,36.4,63.6,0.57,2019-01|2019-08|2019-10|2019-12|2020-07|2022-03|2023-03|2023-04|2025-03|2025-04|2025-09
0.3,2,CPI m/m|Core PPI m/m,Neutral|Bad,7,3,4,42.9,57.1,0.75,2020-08|2021-04|2022-02|2022-04|2024-02|2025-08|2026-02
0.3,2,CPI m/m|Core PPI m/m,Bad|Bad,1,1,0,100.0,0.0,inf,2021-07
0.3,2,CPI m/m|Core PPI m/m,Bad|Neutral,2,2,0,100.0,0.0,inf,2021-11|2022-06
0.0,2,CPI m/m|FOMC,Neutral|Neutral,6,3,3,50.0,50.0,1.0,2023-03|2023-05|2023-09|2024-11|2024-12|2025-01
0.0,2,CPI m/m|FOMC,Good|Neutral,5,3,2,60.0,40.0,1.5,2023-06|2023-07|2023-11|2024-06|2024-07
0.0,2,CPI m/m|FOMC,Bad|Neutral,1,1,0,100.0,0.0,inf,2023-12
0.0,2,CPI m/m|FOMC,Neutral|Good,1,1,0,100.0,0.0,inf,2024-09
0.1,2,CPI m/m|FOMC,Neutral|Neutral,11,6,5,54.5,45.5,1.2,2023-03|2023-05|2023-06|2023-07|2023-09|2023-11|2023-12|2024-06|2024-11|2024-12|2025-01
0.1,2,CPI m/m|FOMC,Good|Neutral,1,1,0,100.0,0.0,inf,2024-07
0.1,2,CPI m/m|FOMC,Neutral|Good,1,1,0,100.0,0.0,inf,2024-09
0.2,2,CPI m/m|FOMC,Neutral|Neutral,12,7,5,58.3,41.7,1.4,2023-03|2023-05|2023-06|2023-07|2023-09|2023-11|2023-12|2024-06|2024-07|2024-11|2024-12|2025-01
0.2,2,CPI m/m|FOMC,Neutral|Good,1,1,0,100.0,0.0,inf,2024-09
0.3,2,CPI m/m|FOMC,Neutral|Neutral,13,8,5,61.5,38.5,1.6,2023-03|2023-05|2023-06|2023-07|2023-09|2023-11|2023-12|2024-06|2024-07|2024-09|2024-11|2024-12|2025-01
0.0,2,CPI m/m|CPI y/y,Good|Neutral,4,2,2,50.0,50.0,1.0,2018-04|2018-05|2021-09|2024-05
0.0,2,CPI m/m|CPI y/y,Neutral|Neutral,15,9,6,60.0,40.0,1.5,2018-06|2018-08|2018-12|2019-01|2020-01|2020-10|2021-01|2022-03|2023-01|2023-03|2024-09|2024-11|2024-12|2025-01|2026-01
0.0,2,CPI m/m|CPI y/y,Good|Good,21,13,8,61.9,38.1,1.62,2018-10|2019-05|2019-10|2020-04|2020-05|2020-06|2020-11|2022-08|2022-11|2022-12|2023-04|2023-06|2023-07|2023-11|2024-06|2024-07|2025-03|2025-04|2025-06|2025-10|2026-02
0.0,2,CPI m/m|CPI y/y,Good|Bad,2,2,0,100.0,0.0,inf,2019-02|2020-02
0.0,2,CPI m/m|CPI y/y,Neutral|Good,6,5,1,83.3,16.7,5.0,2019-03|2019-06|2023-05|2023-08|2024-08|2025-08
0.0,2,CPI m/m|CPI y/y,Bad|Bad,22,13,9,59.1,40.9,1.44,2019-04|2019-11|2019-12|2020-08|2020-09|2021-04|2021-06|2021-07|2021-10|2021-11|2022-02|2022-05|2022-06|2022-07|2022-09|2022-10|2023-10|2024-01|2024-02|2024-04|2024-10|2025-02
0.0,2,CPI m/m|CPI y/y,Bad|Neutral,7,6,1,85.7,14.3,6.0,2019-07|2020-07|2020-12|2021-12|2022-01|2023-12|2025-09
0.0,2,CPI m/m|CPI y/y,Neutral|Bad,6,4,2,66.7,33.3,2.0,2019-08|2022-04|2023-02|2023-09|2024-03|2025-07
0.1,2,CPI m/m|CPI y/y,Neutral|Neutral,30,21,9,70.0,30.0,2.33,2018-04|2018-05|2018-06|2018-08|2018-12|2019-01|2019-06|2019-07|2020-01|2020-07|2020-10|2020-12|2021-01|2022-01|2022-03|2022-04|2023-01|2023-03|2023-04|2023-05|2023-06|2023-08|2023-11|2023-12|2024-09|2024-11|2024-12|2025-01|2025-08|2026-01
0.1,2,CPI m/m|CPI y/y,Neutral|Good,11,5,6,45.5,54.5,0.83,2018-10|2019-03|2019-10|2020-06|2020-11|2023-07|2024-06|2024-08|2025-03|2025-06|2026-02
0.1,2,CPI m/m|CPI y/y,Neutral|Bad,13,8,5,61.5,38.5,1.6,2019-02|2019-08|2019-12|2020-02|2021-04|2022-05|2023-02|2023-09|2024-01|2024-02|2024-03|2024-10|2025-07
0.1,2,CPI m/m|CPI y/y,Bad|Neutral,4,3,1,75.0,25.0,3.0,2019-04|2021-12|2022-10|2025-09
0.1,2,CPI m/m|CPI y/y,Good|Good,9,8,1,88.9,11.1,8.0,2019-05|2020-04|2020-05|2022-08|2022-11|2022-12|2024-07|2025-04|2025-10
0.1,2,CPI m/m|CPI y/y,Bad|Bad,14,9,5,64.3,35.7,1.8,2019-11|2020-08|2020-09|2021-06|2021-07|2021-10|2021-11|2022-02|2022-06|2022-07|2022-09|2023-10|2024-04|2025-02
0.1,2,CPI m/m|CPI y/y,Good|Neutral,2,0,2,0.0,100.0,0.0,2021-09|2024-05
0.2,2,CPI m/m|CPI y/y,Neutral|Neutral,70,44,26,62.9,37.1,1.69,2018-04|2018-05|2018-06|2018-08|2018-10|2018-12|2019-01|2019-02|2019-03|2019-04|2019-05|2019-06|2019-07|2019-08|2019-10|2019-11|2019-12|2020-01|2020-02|2020-04|2020-05|2020-06|2020-07|2020-09|2020-10|2020-11|2020-12|2021-01|2021-04|2021-09|2021-10|2021-12|2022-01|2022-03|2022-04|2022-08|2022-10|2023-01|2023-03|2023-04|2023-05|2023-06|2023-07|2023-08|2023-09|2023-10|2023-11|2023-12|2024-01|2024-03|2024-04|2024-05|2024-06|2024-07|2024-08|2024-09|2024-10|2024-11|2024-12|2025-01|2025-02|2025-03|2025-04|2025-06|2025-07|2025-08|2025-09|2025-10|2026-01|2026-02
0.2,2,CPI m/m|CPI y/y,Bad|Bad,4,4,0,100.0,0.0,inf,2020-08|2021-07|2021-11|2022-06
0.2,2,CPI m/m|CPI y/y,Neutral|Bad,7,4,3,57.1,42.9,1.33,2021-06|2022-02|2022-05|2022-07|2022-09|2023-02|2024-02
0.2,2,CPI m/m|CPI y/y,Neutral|Good,2,2,0,100.0,0.0,inf,2022-11|2022-12
0.3,2,CPI m/m|CPI y/y,Neutral|Neutral,78,49,29,62.8,37.2,1.69,2018-04|2018-05|2018-06|2018-08|2018-10|2018-12|2019-01|2019-02|2019-03|2019-04|2019-05|2019-06|2019-07|2019-08|2019-10|2019-11|2019-12|2020-01|2020-02|2020-04|2020-05|2020-06|2020-07|2020-09|2020-10|2020-11|2020-12|2021-01|2021-04|2021-06|2021-09|2021-10|2021-12|2022-01|2022-02|2022-03|2022-04|2022-05|2022-08|2022-09|2022-10|2022-11|2022-12|2023-01|2023-02|2023-03|2023-04|2023-05|2023-06|2023-07|2023-08|2023-09|2023-10|2023-11|2023-12|2024-01|2024-02|2024-03|2024-04|2024-05|2024-06|2024-07|2024-08|2024-09|2024-10|2024-11|2024-12|2025-01|2025-02|2025-03|2025-04|2025-06|2025-07|2025-08|2025-09|2025-10|2026-01|2026-02
0.3,2,CPI m/m|CPI y/y,Neutral|Bad,2,2,0,100.0,0.0,inf,2020-08|2022-07
0.3,2,CPI m/m|CPI y/y,Bad|Bad,1,1,0,100.0,0.0,inf,2021-07
0.3,2,CPI m/m|CPI y/y,Bad|Neutral,2,2,0,100.0,0.0,inf,2021-11|2022-06
0.0,2,Core CPI m/m|PPI m/m,Neutral|Bad,13,8,5,61.5,38.5,1.6,2018-04|2018-12|2019-11|2020-02|2020-10|2021-12|2023-02|2023-08|2023-10|2024-05|2024-12|2025-08|2026-02
0.0,2,Core CPI m/m|PPI m/m,Good|Good,15,8,7,53.3,46.7,1.14,2018-05|2019-03|2019-10|2020-01|2020-05|2022-08|2022-11|2023-07|2023-11|2024-06|2025-01|2025-03|2025-04|2025-06|2025-07
0.0,2,Core CPI m/m|PPI m/m,Bad|Bad,14,9,5,64.3,35.7,1.8,2018-06|2020-08|2020-09|2021-04|2021-06|2021-07|2022-02|2022-07|2022-10|2023-09|2024-02|2024-03|2024-09|2025-02
0.0,2,Core CPI m/m|PPI m/m,Neutral|Good,13,9,4,69.2,30.8,2.25,2018-08|2019-01|2019-02|2019-12|2021-01|2021-10|2022-03|2023-01|2023-04|2023-06|2024-01|2024-08|2025-09
0.0,2,Core CPI m/m|PPI m/m,Good|Neutral,3,3,0,100.0,0.0,inf,2018-10|2019-05|2019-06
0.0,2,Core CPI m/m|PPI m/m,Good|Bad,9,6,3,66.7,33.3,2.0,2019-04|2020-04|2020-06|2020-11|2021-09|2022-04|2022-12|2024-07|2026-01
0.0,2,Core CPI m/m|PPI m/m,Bad|Neutral,7,5,2,71.4,28.6,2.5,2019-07|2019-08|2020-12|2021-11|2022-05|2022-06|2022-09
0.0,2,Core CPI m/m|PPI m/m,Bad|Good,6,4,2,66.7,33.3,2.0,2020-07|2022-01|2023-03|2023-05|2024-04|2024-10
0.0,2,Core CPI m/m|PPI m/m,Neutral|Neutral,2,1,1,50.0,50.0,1.0,2023-12|2024-11
0.1,2,Core CPI m/m|PPI m/m,Neutral|Bad,18,9,9,50.0,50.0,1.0,2018-04|2018-06|2019-04|2019-11|2020-02|2020-06|2020-10|2021-04|2021-12|2022-02|2023-02|2023-09|2023-10|2024-05|2024-12|2025-08|2026-01|2026-02
0.1,2,Core CPI m/m|PPI m/m,Neutral|Neutral,22,17,5,77.3,22.7,3.4,2018-05|2018-10|2018-12|2019-01|2019-03|2019-05|2019-06|2019-07|2019-08|2020-01|2020-12|2021-10|2022-06|2022-12|2023-07|2023-08|2023-12|2024-07|2024-08|2024-09|2024-10|2024-11
0.1,2,Core CPI m/m|PPI m/m,Neutral|Good,19,11,8,57.9,42.1,1.38,2018-08|2019-02|2019-10|2019-12|2020-07|2021-01|2022-01|2022-03|2023-01|2023-03|2023-04|2023-06|2023-11|2024-01|2024-06|2025-01|2025-03|2025-07|2025-09
0.1,2,Core CPI m/m|PPI m/m,Good|Neutral,4,2,2,50.0,50.0,1.0,2020-04|2020-11|2021-09|2025-06
0.1,2,Core CPI m/m|PPI m/m,Good|Good,4,3,1,75.0,25.0,3.0,2020-05|2022-08|2022-11|2025-04
0.1,2,Core CPI m/m|PPI m/m,Bad|Bad,8,6,2,75.0,25.0,3.0,2020-08|2021-06|2021-07|2022-07|2022-10|2024-02|2024-03|2025-02
0.1,2,Core CPI m/m|PPI m/m,Bad|Neutral,6,4,2,66.7,33.3,2.0,2020-09|2021-11|2022-05|2022-09|2023-05|2024-04
0.1,2,Core CPI m/m|PPI m/m,Good|Bad,1,1,0,100.0,0.0,inf,2022-04
0.2,2,Core CPI m/m|PPI m/m,Neutral|Neutral,54,36,18,66.7,33.3,2.0,2018-04|2018-05|2018-06|2018-08|2018-10|2018-12|2019-01|2019-02|2019-03|2019-05|2019-06|2019-07|2019-08|2019-11|2019-12|2020-01|2020-04|2020-09|2020-10|2020-11|2020-12|2021-01|2021-09|2021-10|2021-11|2022-01|2022-03|2022-05|2022-06|2022-10|2022-11|2022-12|2023-05|2023-06|2023-07|2023-08|2023-10|2023-12|2024-01|2024-02|2024-04|2024-05|2024-07|2024-08|2024-09|2024-10|2024-11|2024-12|2025-01|2025-02|2025-06|2025-07|2026-01|2026-02
0.2,2,Core CPI m/m|PPI m/m,Neutral|Bad,13,10,3,76.9,23.1,3.33,2019-04|2020-02|2020-06|2021-04|2021-06|2021-12|2022-02|2022-04|2022-07|2023-02|2023-09|2024-03|2025-08
0.2,2,Core CPI m/m|PPI m/m,Neutral|Good,12,5,7,41.7,58.3,0.71,2019-10|2020-05|2020-07|2022-08|2023-01|2023-03|2023-04|2023-11|2024-06|2025-03|2025-04|2025-09
0.2,2,Core CPI m/m|PPI m/m,Bad|Bad,2,2,0,100.0,0.0,inf,2020-08|2021-07
0.2,2,Core CPI m/m|PPI m/m,Bad|Neutral,1,0,1,0.0,100.0,0.0,2022-09
0.3,2,Core CPI m/m|PPI m/m,Neutral|Neutral,61,40,21,65.6,34.4,1.9,2018-04|2018-05|2018-06|2018-08|2018-10|2018-12|2019-01|2019-02|2019-03|2019-04|2019-05|2019-06|2019-07|2019-08|2019-11|2019-12|2020-01|2020-04|2020-09|2020-10|2020-11|2020-12|2021-01|2021-09|2021-10|2021-11|2022-01|2022-03|2022-04|2022-05|2022-06|2022-09|2022-10|2022-11|2022-12|2023-02|2023-05|2023-06|2023-07|2023-08|2023-09|2023-10|2023-12|2024-01|2024-02|2024-03|2024-04|2024-05|2024-07|2024-08|2024-09|2024-10|2024-11|2024-12|2025-01|2025-02|2025-03|2025-06|2025-07|2026-01|2026-02
0.3,2,Core CPI m/m|PPI m/m,Neutral|Good,11,5,6,45.5,54.5,0.83,2019-10|2020-05|2020-07|2022-08|2023-01|2023-03|2023-04|2023-11|2024-06|2025-04|2025-09
0.3,2,Core CPI m/m|PPI m/m,Neutral|Bad,8,6,2,75.0,25.0,3.0,2020-02|2020-06|2021-04|2021-06|2021-12|2022-02|2022-07|2025-08
0.3,2,Core CPI m/m|PPI m/m,Bad|Neutral,1,1,0,100.0,0.0,inf,2020-08
0.3,2,Core CPI m/m|PPI m/m,Bad|Bad,1,1,0,100.0,0.0,inf,2021-07
0.0,2,Core CPI m/m|Core PPI m/m,Neutral|Bad,13,9,4,69.2,30.8,2.25,2018-04|2018-12|2019-02|2019-11|2020-02|2020-10|2021-12|2023-02|2023-08|2023-10|2024-05|2025-08|2026-02
0.0,2,Core CPI m/m|Core PPI m/m,Good|Neutral,4,4,0,100.0,0.0,inf,2018-05|2018-10|2019-06|2020-06
0.0,2,Core CPI m/m|Core PPI m/m,Bad|Bad,12,8,4,66.7,33.3,2.0,2018-06|2019-07|2020-08|2020-09|2021-04|2021-06|2021-07|2022-02|2022-09|2024-02|2024-03|2024-09
0.0,2,Core CPI m/m|Core PPI m/m,Neutral|Good,10,7,3,70.0,30.0,2.33,2018-08|2019-01|2019-12|2021-10|2022-03|2023-04|2023-12|2024-01|2024-08|2025-09
0.0,2,Core CPI m/m|Core PPI m/m,Good|Good,16,8,8,50.0,50.0,1.0,2019-03|2019-05|2019-10|2020-01|2020-05|2020-11|2022-08|2022-11|2023-07|2023-11|2024-06|2025-01|2025-03|2025-04|2025-06|2025-07
0.0,2,Core CPI m/m|Core PPI m/m,Good|Bad,7,5,2,71.4,28.6,2.5,2019-04|2020-04|2021-09|2022-04|2022-12|2024-07|2026-01
0.0,2,Core CPI m/m|Core PPI m/m,Bad|Good,8,6,2,75.0,25.0,3.0,2019-08|2020-07|2020-12|2021-11|2022-05|2022-06|2022-07|2023-03
0.0,2,Core CPI m/m|Core PPI m/m,Neutral|Neutral,5,2,3,40.0,60.0,0.67,2021-01|2023-01|2023-06|2024-11|2024-12
0.0,2,Core CPI m/m|Core PPI m/m,Bad|Neutral,7,4,3,57.1,42.9,1.33,2022-01|2022-10|2023-05|2023-09|2024-04|2024-10|2025-02
0.1,2,Core CPI m/m|Core PPI m/m,Neutral|Neutral,28,19,9,67.9,32.1,2.11,2018-04|2018-05|2018-06|2018-08|2018-10|2019-02|2019-03|2019-04|2019-05|2019-06|2019-07|2019-11|2020-01|2020-06|2020-12|2021-01|2022-01|2022-06|2023-01|2023-06|2023-07|2023-08|2023-09|2023-10|2024-09|2024-10|2024-11|2024-12
0.1,2,Core CPI m/m|Core PPI m/m,Neutral|Bad,13,8,5,61.5,38.5,1.6,2018-12|2020-02|2020-10|2021-04|2021-12|2022-02|2022-12|2023-02|2024-05|2024-07|2025-08|2026-01|2026-02
0.1,2,Core CPI m/m|Core PPI m/m,Neutral|Good,18,10,8,55.6,44.4,1.25,2019-01|2019-08|2019-10|2019-12|2020-07|2021-10|2022-03|2023-03|2023-04|2023-11|2023-12|2024-01|2024-06|2024-08|2025-01|2025-03|2025-07|2025-09
0.1,2,Core CPI m/m|Core PPI m/m,Good|Bad,2,2,0,100.0,0.0,inf,2020-04|2022-04
0.1,2,Core CPI m/m|Core PPI m/m,Good|Good,5,4,1,80.0,20.0,4.0,2020-05|2022-08|2022-11|2025-04|2025-06
0.1,2,Core CPI m/m|Core PPI m/m,Bad|Bad,6,4,2,66.7,33.3,2.0,2020-08|2020-09|2021-06|2021-07|2022-09|2024-02
0.1,2,Core CPI m/m|Core PPI m/m,Good|Neutral,2,0,2,0.0,100.0,0.0,2020-11|2021-09
0.1,2,Core CPI m/m|Core PPI m/m,Bad|Neutral,7,5,2,71.4,28.6,2.5,2021-11|2022-07|2022-10|2023-05|2024-03|2024-04|2025-02
0.1,2,Core CPI m/m|Core PPI m/m,Bad|Good,1,1,0,100.0,0.0,inf,2022-05
0.2,2,Core CPI m/m|Core PPI m/m,Neutral|Neutral,55,40,15,72.7,27.3,2.67,2018-04|2018-05|2018-06|2018-08|2018-10|2018-12|2019-02|2019-03|2019-04|2019-05|2019-06|2019-07|2019-11|2020-01|2020-04|2020-05|2020-06|2020-09|2020-10|2020-11|2020-12|2021-01|2021-06|2021-09|2021-11|2022-01|2022-05|2022-06|2022-07|2022-08|2022-10|2022-12|2023-01|2023-02|2023-05|2023-06|2023-07|2023-08|2023-09|2023-10|2023-12|2024-01|2024-03|2024-04|2024-07|2024-08|2024-09|2024-10|2024-11|2024-12|2025-01|2025-02|2025-06|2025-07|2026-01
0.2,2,Core CPI m/m|Core PPI m/m,Neutral|Good,15,7,8,46.7,53.3,0.87,2019-01|2019-08|2019-10|2019-12|2020-07|2021-10|2022-03|2022-11|2023-03|2023-04|2023-11|2024-06|2025-03|2025-04|2025-09
0.2,2,Core CPI m/m|Core PPI m/m,Neutral|Bad,9,4,5,44.4,55.6,0.8,2020-02|2021-04|2021-12|2022-02|2022-04|2024-02|2024-05|2025-08|2026-02
0.2,2,Core CPI m/m|Core PPI m/m,Bad|Bad,2,2,0,100.0,0.0,inf,2020-08|2021-07
0.2,2,Core CPI m/m|Core PPI m/m,Bad|Neutral,1,0,1,0.0,100.0,0.0,2022-09
0.3,2,Core CPI m/m|Core PPI m/m,Neutral|Neutral,63,45,18,71.4,28.6,2.5,2018-04|2018-05|2018-06|2018-08|2018-10|2018-12|2019-02|2019-03|2019-04|2019-05|2019-06|2019-07|2019-11|2020-01|2020-02|2020-04|2020-05|2020-06|2020-09|2020-10|2020-11|2020-12|2021-01|2021-06|2021-09|2021-10|2021-11|2021-12|2022-01|2022-05|2022-06|2022-07|2022-08|2022-09|2022-10|2022-11|2022-12|2023-01|2023-02|2023-05|2023-06|2023-07|2023-08|2023-09|2023-10|2023-11|2023-12|2024-01|2024-03|2024-04|2024-05|2024-06|2024-07|2024-08|2024-09|2024-10|2024-11|2024-12|2025-01|2025-02|2025-06|2025-07|2026-01
0.3,2,Core CPI m/m|Core PPI m/m,Neutral|Good,11,4,7,36.4,63.6,0.57,2019-01|2019-08|2019-10|2019-12|2020-07|2022-03|2023-03|2023-04|2025-03|2025-04|2025-09
0.3,2,Core CPI m/m|Core PPI m/m,Bad|Bad,2,2,0,100.0,0.0,inf,2020-08|2021-07
0.3,2,Core CPI m/m|Core PPI m/m,Neutral|Bad,6,2,4,33.3,66.7,0.5,2021-04|2022-02|2022-04|2024-02|2025-08|2026-02
0.0,2,Core CPI m/m|FOMC,Bad|Neutral,3,2,1,66.7,33.3,2.0,2023-03|2023-05|2023-09
0.0,2,Core CPI m/m|FOMC,Neutral|Neutral,4,2,2,50.0,50.0,1.0,2023-06|2023-12|2024-11|2024-12
0.0,2,Core CPI m/m|FOMC,Good|Neutral,5,3,2,60.0,40.0,1.5,2023-07|2023-11|2024-06|2024-07|2025-01
0.0,2,Core CPI m/m|FOMC,Bad|Good,1,1,0,100.0,0.0,inf,2024-09
0.1,2,Core CPI m/m|FOMC,Neutral|Neutral,11,6,5,54.5,45.5,1.2,2023-03|2023-06|2023-07|2023-09|2023-11|2023-12|2024-06|2024-07|2024-11|2024-12|2025-01
0.1,2,Core CPI m/m|FOMC,Bad|Neutral,1,1,0,100.0,0.0,inf,2023-05
0.1,2,Core CPI m/m|FOMC,Neutral|Good,1,1,0,100.0,0.0,inf,2024-09
0.2,2,Core CPI m/m|FOMC,Neutral|Neutral,12,7,5,58.3,41.7,1.4,2023-03|2023-05|2023-06|2023-07|2023-09|2023-11|2023-12|2024-06|2024-07|2024-11|2024-12|2025-01
0.2,2,Core CPI m/m|FOMC,Neutral|Good,1,1,0,100.0,0.0,inf,2024-09
0.3,2,Core CPI m/m|FOMC,Neutral|Neutral,13,8,5,61.5,38.5,1.6,2023-03|2023-05|2023-06|2023-07|2023-09|2023-11|2023-12|2024-06|2024-07|2024-09|2024-11|2024-12|2025-01
0.0,2,Core CPI m/m|CPI y/y,Neutral|Neutral,14,9,5,64.3,35.7,1.8,2018-04|2018-08|2018-12|2019-01|2020-10|2021-01|2021-12|2022-03|2023-01|2023-12|2024-05|2024-11|2024-12|2025-09
0.0,2,Core CPI m/m|CPI y/y,Good|Neutral,5,2,3,40.0,60.0,0.67,2018-05|2020-01|2021-09|2025-01|2026-01
0.0,2,Core CPI m/m|CPI y/y,Bad|Neutral,7,6,1,85.7,14.3,6.0,2018-06|2019-07|2020-07|2020-12|2022-01|2023-03|2024-09
0.0,2,Core CPI m/m|CPI y/y,Good|Good,20,13,7,65.0,35.0,1.86,2018-10|2019-03|2019-05|2019-06|2019-10|2020-04|2020-05|2020-06|2020-11|2022-08|2022-11|2022-12|2023-07|2023-11|2024-06|2024-07|2025-03|2025-04|2025-06|2025-10
0.0,2,Core CPI m/m|CPI y/y,Neutral|Bad,8,5,3,62.5,37.5,1.67,2019-02|2019-11|2019-12|2020-02|2021-10|2023-02|2023-10|2024-01
0.0,2,Core CPI m/m|CPI y/y,Good|Bad,3,3,0,100.0,0.0,inf,2019-04|2022-04|2025-07
0.0,2,Core CPI m/m|CPI y/y,Bad|Bad,19,11,8,57.9,42.1,1.38,2019-08|2020-08|2020-09|2021-04|2021-06|2021-07|2021-11|2022-02|2022-05|2022-06|2022-07|2022-09|2022-10|2023-09|2024-02|2024-03|2024-04|2024-10|2025-02
0.0,2,Core CPI m/m|CPI y/y,Neutral|Good,6,4,2,66.7,33.3,2.0,2023-04|2023-06|2023-08|2024-08|2025-08|2026-02
0.0,2,Core CPI m/m|CPI y/y,Bad|Good,1,1,0,100.0,0.0,inf,2023-05
0.1,2,Core CPI m/m|CPI y/y,Neutral|Neutral,32,22,10,68.8,31.2,2.2,2018-04|2018-05|2018-06|2018-08|2018-12|2019-01|2019-04|2019-06|2019-07|2020-01|2020-07|2020-10|2020-12|2021-01|2021-12|2022-01|2022-03|2023-01|2023-03|2023-04|2023-06|2023-08|2023-11|2023-12|2024-05|2024-09|2024-11|2024-12|2025-01|2025-08|2025-09|2026-01
0.1,2,Core CPI m/m|CPI y/y,Neutral|Good,13,8,5,61.5,38.5,1.6,2018-10|2019-03|2019-05|2019-10|2020-06|2022-12|2023-07|2024-06|2024-07|2024-08|2025-03|2025-10|2026-02
0.1,2,Core CPI m/m|CPI y/y,Neutral|Bad,15,8,7,53.3,46.7,1.14,2019-02|2019-08|2019-11|2019-12|2020-02|2021-04|2021-10|2022-02|2022-06|2023-02|2023-09|2023-10|2024-01|2024-10|2025-07
0.1,2,Core CPI m/m|CPI y/y,Good|Good,7,5,2,71.4,28.6,2.5,2020-04|2020-05|2020-11|2022-08|2022-11|2025-04|2025-06
0.1,2,Core CPI m/m|CPI y/y,Bad|Bad,12,9,3,75.0,25.0,3.0,2020-08|2020-09|2021-06|2021-07|2021-11|2022-05|2022-07|2022-09|2024-02|2024-03|2024-04|2025-02
0.1,2,Core CPI m/m|CPI y/y,Good|Neutral,2,1,1,50.0,50.0,1.0,2021-09|2022-04
0.1,2,Core CPI m/m|CPI y/y,Bad|Neutral,2,1,1,50.0,50.0,1.0,2022-10|2023-05
0.2,2,Core CPI m/m|CPI y/y,Neutral|Neutral,70,44,26,62.9,37.1,1.69,2018-04|2018-05|2018-06|2018-08|2018-10|2018-12|2019-01|2019-02|2019-03|2019-04|2019-05|2019-06|2019-07|2019-08|2019-10|2019-11|2019-12|2020-01|2020-02|2020-04|2020-05|2020-06|2020-07|2020-09|2020-10|2020-11|2020-12|2021-01|2021-04|2021-09|2021-10|2021-12|2022-01|2022-03|2022-04|2022-08|2022-10|2023-01|2023-03|2023-04|2023-05|2023-06|2023-07|2023-08|2023-09|2023-10|2023-11|2023-12|2024-01|2024-03|2024-04|2024-05|2024-06|2024-07|2024-08|2024-09|2024-10|2024-11|2024-12|2025-01|2025-02|2025-03|2025-04|2025-06|2025-07|2025-08|2025-09|2025-10|2026-01|2026-02
0.2,2,Core CPI m/m|CPI y/y,Bad|Bad,3,2,1,66.7,33.3,2.0,2020-08|2021-07|2022-09
0.2,2,Core CPI m/m|CPI y/y,Neutral|Bad,8,6,2,75.0,25.0,3.0,2021-06|2021-11|2022-02|2022-05|2022-06|2022-07|2023-02|2024-02
0.2,2,Core CPI m/m|CPI y/y,Neutral|Good,2,2,0,100.0,0.0,inf,2022-11|2022-12
0.3,2,Core CPI m/m|CPI y/y,Neutral|Neutral,80,51,29,63.7,36.2,1.76,2018-04|2018-05|2018-06|2018-08|2018-10|2018-12|2019-01|2019-02|2019-03|2019-04|2019-05|2019-06|2019-07|2019-08|2019-10|2019-11|2019-12|2020-01|2020-02|2020-04|2020-05|2020-06|2020-07|2020-09|2020-10|2020-11|2020-12|2021-01|2021-04|2021-06|2021-09|2021-10|2021-11|2021-12|2022-01|2022-02|2022-03|2022-04|2022-05|2022-06|2022-08|2022-09|2022-10|2022-11|2022-12|2023-01|2023-02|2023-03|2023-04|2023-05|2023-06|2023-07|2023-08|2023-09|2023-10|2023-11|2023-12|2024-01|2024-02|2024-03|2024-04|2024-05|2024-06|2024-07|2024-08|2024-09|2024-10|2024-11|2024-12|2025-01|2025-02|2025-03|2025-04|2025-06|2025-07|2025-08|2025-09|2025-10|2026-01|2026-02
0.3,2,Core CPI m/m|CPI y/y,Bad|Bad,2,2,0,100.0,0.0,inf,2020-08|2021-07
0.3,2,Core CPI m/m|CPI y/y,Neutral|Bad,1,1,0,100.0,0.0,inf,2022-07
0.0,2,PPI m/m|Core PPI m/m,Bad|Bad,29,20,9,69.0,31.0,2.22,2018-04|2018-06|2018-12|2019-04|2019-11|2020-02|2020-04|2020-08|2020-09|2020-10|2021-04|2021-06|2021-07|2021-09|2021-12|2022-02|2022-04|2022-12|2023-02|2023-08|2023-10|2024-02|2024-03|2024-05|2024-07|2024-09|2025-08|2026-01|2026-02
0.0,2,PPI m/m|Core PPI m/m,Good|Neutral,8,6,2,75.0,25.0,3.0,2018-05|2021-01|2022-01|2023-01|2023-05|2023-06|2024-04|2024-10
0.0,2,PPI m/m|Core PPI m/m,Good|Good,25,14,11,56.0,44.0,1.27,2018-08|2019-01|2019-03|2019-10|2019-12|2020-01|2020-05|2020-07|2021-10|2022-03|2022-08|2022-11|2023-03|2023-04|2023-07|2023-11|2024-01|2024-06|2024-08|2025-01|2025-03|2025-04|2025-06|2025-07|2025-09
0.0,2,PPI m/m|Core PPI m/m,Neutral|Neutral,3,2,1,66.7,33.3,2.0,2018-10|2019-06|2024-11
0.0,2,PPI m/m|Core PPI m/m,Good|Bad,1,1,0,100.0,0.0,inf,2019-02
0.0,2,PPI m/m|Core PPI m/m,Neutral|Good,8,7,1,87.5,12.5,7.0,2019-05|2019-08|2020-12|2021-11|2022-05|2022-06|2023-12|2025-11
0.0,2,PPI m/m|Core PPI m/m,Neutral|Bad,2,1,1,50.0,50.0,1.0,2019-07|2022-09
0.0,2,PPI m/m|Core PPI m/m,Bad|Neutral,5,2,3,40.0,60.0,0.67,2020-06|2022-10|2023-09|2024-12|2025-02
0.0,2,PPI m/m|Core PPI m/m,Bad|Good,2,1,1,50.0,50.0,1.0,2020-11|2022-07
0.1,2,PPI m/m|Core PPI m/m,Bad|Neutral,12,7,5,58.3,41.7,1.4,2018-04|2018-06|2019-04|2019-11|2020-06|2022-07|2022-10|2023-09|2023-10|2024-03|2024-12|2025-02
0.1,2,PPI m/m|Core PPI m/m,Neutral|Neutral,20,13,7,65.0,35.0,1.86,2018-05|2018-10|2019-03|2019-05|2019-06|2019-07|2020-01|2020-11|2020-12|2021-09|2021-11|2022-06|2023-05|2023-07|2023-08|2024-04|2024-09|2024-10|2024-11|2025-11
0.1,2,PPI m/m|Core PPI m/m,Good|Neutral,6,5,1,83.3,16.7,5.0,2018-08|2019-02|2021-01|2022-01|2023-01|2023-06
0.1,2,PPI m/m|Core PPI m/m,Neutral|Bad,6,5,1,83.3,16.7,5.0,2018-12|2020-04|2020-09|2022-09|2022-12|2024-07
0.1,2,PPI m/m|Core PPI m/m,Neutral|Good,7,6,1,85.7,14.3,6.0,2019-01|2019-08|2021-10|2022-05|2023-12|2024-08|2025-06
0.1,2,PPI m/m|Core PPI m/m,Good|Good,17,9,8,52.9,47.1,1.13,2019-10|2019-12|2020-05|2020-07|2022-03|2022-08|2022-11|2023-03|2023-04|2023-11|2024-01|2024-06|2025-01|2025-03|2025-04|2025-07|2025-09
0.1,2,PPI m/m|Core PPI m/m,Bad|Bad,15,9,6,60.0,40.0,1.5,2020-02|2020-08|2020-10|2021-04|2021-06|2021-07|2021-12|2022-02|2022-04|2023-02|2024-02|2024-05|2025-08|2026-01|2026-02
0.2,2,PPI m/m|Core PPI m/m,Neutral|Neutral,47,33,14,70.2,29.8,2.36,2018-04|2018-05|2018-06|2018-08|2018-10|2018-12|2019-02|2019-03|2019-05|2019-06|2019-07|2019-11|2020-01|2020-04|2020-09|2020-10|2020-11|2020-12|2021-01|2021-09|2021-11|2022-01|2022-05|2022-06|2022-09|2022-10|2022-12|2023-05|2023-06|2023-07|2023-08|2023-10|2023-12|2024-01|2024-04|2024-07|2024-08|2024-09|2024-10|2024-11|2024-12|2025-01|2025-02|2025-06|2025-07|2025-11|2026-01
0.2,2,PPI m/m|Core PPI m/m,Neutral|Good,6,4,2,66.7,33.3,2.0,2019-01|2019-08|2019-12|2021-10|2022-03|2022-11
0.2,2,PPI m/m|Core PPI m/m,Bad|Neutral,7,6,1,85.7,14.3,6.0,2019-04|2020-06|2021-06|2022-07|2023-02|2023-09|2024-03
0.2,2,PPI m/m|Core PPI m/m,Good|Good,9,3,6,33.3,66.7,0.5,2019-10|2020-07|2023-03|2023-04|2023-11|2024-06|2025-03|2025-04|2025-09
0.2,2,PPI m/m|Core PPI m/m,Bad|Bad,8,6,2,75.0,25.0,3.0,2020-02|2020-08|2021-04|2021-07|2021-12|2022-02|2022-04|2025-08
0.2,2,PPI m/m|Core PPI m/m,Good|Neutral,3,2,1,66.7,33.3,2.0,2020-05|2022-08|2023-01
0.2,2,PPI m/m|Core PPI m/m,Neutral|Bad,3,0,3,0.0,100.0,0.0,2024-02|2024-05|2026-02
0.3,2,PPI m/m|Core PPI m/m,Neutral|Neutral,54,38,16,70.4,29.6,2.38,2018-04|2018-05|2018-06|2018-08|2018-10|2018-12|2019-02|2019-03|2019-04|2019-05|2019-06|2019-07|2019-11|2020-01|2020-04|2020-09|2020-10|2020-11|2020-12|2021-01|2021-09|2021-10|2021-11|2022-01|2022-05|2022-06|2022-09|2022-10|2022-11|2022-12|2023-02|2023-05|2023-06|2023-07|2023-08|2023-09|2023-10|2023-12|2024-01|2024-03|2024-04|2024-05|2024-07|2024-08|2024-09|2024-10|2024-11|2024-12|2025-01|2025-02|2025-06|2025-07|2025-11|2026-01
0.3,2,PPI m/m|Core PPI m/m,Neutral|Good,5,2,3,40.0,60.0,0.67,2019-01|2019-08|2019-12|2022-03|2025-03
0.3,2,PPI m/m|Core PPI m/m,Good|Good,6,2,4,33.3,66.7,0.5,2019-10|2020-07|2023-03|2023-04|2025-04|2025-09
0.3,2,PPI m/m|Core PPI m/m,Bad|Neutral,5,5,0,100.0,0.0,inf,2020-02|2020-06|2021-06|2021-12|2022-07
0.3,2,PPI m/m|Core PPI m/m,Good|Neutral,5,3,2,60.0,40.0,1.5,2020-05|2022-08|2023-01|2023-11|2024-06
0.3,2,PPI m/m|Core PPI m/m,Neutral|Bad,4,2,2,50.0,50.0,1.0,2020-08|2022-04|2024-02|2026-02
0.3,2,PPI m/m|Core PPI m/m,Bad|Bad,4,2,2,50.0,50.0,1.0,2021-04|2021-07|2022-02|2025-08
0.0,2,PPI m/m|FOMC,Good|Neutral,7,5,2,71.4,28.6,2.5,2023-03|2023-05|2023-06|2023-07|2023-11|2024-06|2025-01
0.0,2,PPI m/m|FOMC,Bad|Neutral,3,1,2,33.3,66.7,0.5,2023-09|2024-07|2024-12
0.0,2,PPI m/m|FOMC,Neutral|Neutral,2,1,1,50.0,50.0,1.0,2023-12|2024-11
0.0,2,PPI m/m|FOMC,Bad|Good,1,1,0,100.0,0.0,inf,2024-09
0.1,2,PPI m/m|FOMC,Good|Neutral,5,4,1,80.0,20.0,4.0,2023-03|2023-06|2023-11|2024-06|2025-01
0.1,2,PPI m/m|FOMC,Neutral|Neutral,5,3,2,60.0,40.0,1.5,2023-05|2023-07|2023-12|2024-07|2024-11
0.1,2,PPI m/m|FOMC,Bad|Neutral,2,0,2,0.0,100.0,0.0,2023-09|2024-12
0.1,2,PPI m/m|FOMC,Neutral|Good,1,1,0,100.0,0.0,inf,2024-09
0.2,2,PPI m/m|FOMC,Good|Neutral,3,2,1,66.7,33.3,2.0,2023-03|2023-11|2024-06
0.2,2,PPI m/m|FOMC,Neutral|Neutral,8,5,3,62.5,37.5,1.67,2023-05|2023-06|2023-07|2023-12|2024-07|2024-11|2024-12|2025-01
0.2,2,PPI m/m|FOMC,Bad|Neutral,1,0,1,0.0,100.0,0.0,2023-09
0.2,2,PPI m/m|FOMC,Neutral|Good,1,1,0,100.0,0.0,inf,2024-09
0.3,2,PPI m/m|FOMC,Good|Neutral,3,2,1,66.7,33.3,2.0,2023-03|2023-11|2024-06
0.3,2,PPI m/m|FOMC,Neutral|Neutral,10,6,4,60.0,40.0,1.5,2023-05|2023-06|2023-07|2023-09|2023-12|2024-07|2024-09|2024-11|2024-12|2025-01
0.0,2,PPI m/m|CPI y/y,Bad|Neutral,10,6,4,60.0,40.0,1.5,2018-04|2018-06|2018-12|2020-10|2021-09|2021-12|2024-05|2024-09|2024-12|2026-01
0.0,2,PPI m/m|CPI y/y,Good|Neutral,12,8,4,66.7,33.3,2.0,2018-05|2018-08|2019-01|2020-01|2020-07|2021-01|2022-01|2022-03|2023-01|2023-03|2025-01|2025-09
0.0,2,PPI m/m|CPI y/y,Neutral|Good,3,3,0,100.0,0.0,inf,2018-10|2019-05|2019-06
0.0,2,PPI m/m|CPI y/y,Good|Bad,7,5,2,71.4,28.6,2.5,2019-02|2019-12|2021-10|2024-01|2024-04|2024-10|2025-07
0.0,2,PPI m/m|CPI y/y,Good|Good,15,8,7,53.3,46.7,1.14,2019-03|2019-10|2020-05|2022-08|2022-11|2023-04|2023-05|2023-06|2023-07|2023-11|2024-06|2024-08|2025-03|2025-04|2025-06
0.0,2,PPI m/m|CPI y/y,Bad|Bad,18,11,7,61.1,38.9,1.57,2019-04|2019-11|2020-02|2020-08|2020-09|2021-04|2021-06|2021-07|2022-02|2022-04|2022-07|2022-10|2023-02|2023-09|2023-10|2024-02|2024-03|2025-02
0.0,2,PPI m/m|CPI y/y,Neutral|Neutral,4,3,1,75.0,25.0,3.0,2019-07|2020-12|2023-12|2024-11
0.0,2,PPI m/m|CPI y/y,Neutral|Bad,5,3,2,60.0,40.0,1.5,2019-08|2021-11|2022-05|2022-06|2022-09
0.0,2,PPI m/m|CPI y/y,Bad|Good,8,6,2,75.0,25.0,3.0,2020-04|2020-06|2020-11|2022-12|2023-08|2024-07|2025-08|2026-02
0.1,2,PPI m/m|CPI y/y,Bad|Neutral,11,7,4,63.6,36.4,1.75,2018-04|2018-06|2019-04|2020-10|2021-12|2022-04|2022-10|2024-05|2024-12|2025-08|2026-01
0.1,2,PPI m/m|CPI y/y,Neutral|Neutral,13,10,3,76.9,23.1,3.33,2018-05|2018-12|2019-01|2019-06|2019-07|2020-01|2020-12|2021-09|2023-05|2023-08|2023-12|2024-09|2024-11
0.1,2,PPI m/m|CPI y/y,Good|Neutral,12,7,5,58.3,41.7,1.4,2018-08|2020-07|2021-01|2022-01|2022-03|2023-01|2023-03|2023-04|2023-06|2023-11|2025-01|2025-09
0.1,2,PPI m/m|CPI y/y,Neutral|Good,10,7,3,70.0,30.0,2.33,2018-10|2019-03|2019-05|2020-04|2020-11|2022-12|2023-07|2024-07|2024-08|2025-06
0.1,2,PPI m/m|CPI y/y,Good|Bad,4,3,1,75.0,25.0,3.0,2019-02|2019-12|2024-01|2025-07
0.1,2,PPI m/m|CPI y/y,Neutral|Bad,9,6,3,66.7,33.3,2.0,2019-08|2020-09|2021-10|2021-11|2022-05|2022-06|2022-09|2024-04|2024-10
0.1,2,PPI m/m|CPI y/y,Good|Good,7,4,3,57.1,42.9,1.33,2019-10|2020-05|2022-08|2022-11|2024-06|2025-03|2025-04
0.1,2,PPI m/m|CPI y/y,Bad|Bad,14,8,6,57.1,42.9,1.33,2019-11|2020-02|2020-08|2021-04|2021-06|2021-07|2022-02|2022-07|2023-02|2023-09|2023-10|2024-02|2024-03|2025-02
0.1,2,PPI m/m|CPI y/y,Bad|Good,2,1,1,50.0,50.0,1.0,2020-06|2026-02
0.2,2,PPI m/m|CPI y/y,Neutral|Neutral,48,31,17,64.6,35.4,1.82,2018-04|2018-05|2018-06|2018-08|2018-10|2018-12|2019-01|2019-02|2019-03|2019-05|2019-06|2019-07|2019-08|2019-11|2019-12|2020-01|2020-04|2020-09|2020-10|2020-11|2020-12|2021-01|2021-09|2021-10|2022-01|2022-03|2022-10|2023-05|2023-06|2023-07|2023-08|2023-10|2023-12|2024-01|2024-04|2024-05|2024-07|2024-08|2024-09|2024-10|2024-11|2024-12|2025-01|2025-02|2025-06|2025-07|2026-01|2026-02
0.2,2,PPI m/m|CPI y/y,Bad|Neutral,9,7,2,77.8,22.2,3.5,2019-04|2020-02|2020-06|2021-04|2021-12|2022-04|2023-09|2024-03|2025-08
0.2,2,PPI m/m|CPI y/y,Good|Neutral,12,5,7,41.7,58.3,0.71,2019-10|2020-05|2020-07|2022-08|2023-01|2023-03|2023-04|2023-11|2024-06|2025-03|2025-04|2025-09
0.2,2,PPI m/m|CPI y/y,Bad|Bad,6,5,1,83.3,16.7,5.0,2020-08|2021-06|2021-07|2022-02|2022-07|2023-02
0.2,2,PPI m/m|CPI y/y,Neutral|Bad,5,3,2,60.0,40.0,1.5,2021-11|2022-05|2022-06|2022-09|2024-02
0.2,2,PPI m/m|CPI y/y,Neutral|Good,2,2,0,100.0,0.0,inf,2022-11|2022-12
0.3,2,PPI m/m|CPI y/y,Neutral|Neutral,61,40,21,65.6,34.4,1.9,2018-04|2018-05|2018-06|2018-08|2018-10|2018-12|2019-01|2019-02|2019-03|2019-04|2019-05|2019-06|2019-07|2019-08|2019-11|2019-12|2020-01|2020-04|2020-09|2020-10|2020-11|2020-12|2021-01|2021-09|2021-10|2021-11|2022-01|2022-03|2022-04|2022-05|2022-06|2022-09|2022-10|2022-11|2022-12|2023-02|2023-05|2023-06|2023-07|2023-08|2023-09|2023-10|2023-12|2024-01|2024-02|2024-03|2024-04|2024-05|2024-07|2024-08|2024-09|2024-10|2024-11|2024-12|2025-01|2025-02|2025-03|2025-06|2025-07|2026-01|2026-02
0.3,2,PPI m/m|CPI y/y,Good|Neutral,11,5,6,45.5,54.5,0.83,2019-10|2020-05|2020-07|2022-08|2023-01|2023-03|2023-04|2023-11|2024-06|2025-04|2025-09
0.3,2,PPI m/m|CPI y/y,Bad|Neutral,7,5,2,71.4,28.6,2.5,2020-02|2020-06|2021-04|2021-06|2021-12|2022-02|2025-08
0.3,2,PPI m/m|CPI y/y,Neutral|Bad,1,1,0,100.0,0.0,inf,2020-08
0.3,2,PPI m/m|CPI y/y,Bad|Bad,2,2,0,100.0,0.0,inf,2021-07|2022-07
0.0,2,Core PPI m/m|FOMC,Good|Neutral,6,4,2,66.7,33.3,2.0,2023-03|2023-07|2023-11|2023-12|2024-06|2025-01
0.0,2,Core PPI m/m|FOMC,Neutral|Neutral,5,2,3,40.0,60.0,0.67,2023-05|2023-06|2023-09|2024-11|2024-12
0.0,2,Core PPI m/m|FOMC,Bad|Neutral,1,1,0,100.0,0.0,inf,2024-07
0.0,2,Core PPI m/m|FOMC,Bad|Good,1,1,0,100.0,0.0,inf,2024-09
0.1,2,Core PPI m/m|FOMC,Good|Neutral,5,4,1,80.0,20.0,4.0,2023-03|2023-11|2023-12|2024-06|2025-01
0.1,2,Core PPI m/m|FOMC,Neutral|Neutral,6,2,4,33.3,66.7,0.5,2023-05|2023-06|2023-07|2023-09|2024-11|2024-12
0.1,2,Core PPI m/m|FOMC,Bad|Neutral,1,1,0,100.0,0.0,inf,2024-07
0.1,2,Core PPI m/m|FOMC,Neutral|Good,1,1,0,100.0,0.0,inf,2024-09
0.2,2,Core PPI m/m|FOMC,Good|Neutral,3,2,1,66.7,33.3,2.0,2023-03|2023-11|2024-06
0.2,2,Core PPI m/m|FOMC,Neutral|Neutral,9,5,4,55.6,44.4,1.25,2023-05|2023-06|2023-07|2023-09|2023-12|2024-07|2024-11|2024-12|2025-01
0.2,2,Core PPI m/m|FOMC,Neutral|Good,1,1,0,100.0,0.0,inf,2024-09
0.3,2,Core PPI m/m|FOMC,Good|Neutral,1,1,0,100.0,0.0,inf,2023-03
0.3,2,Core PPI m/m|FOMC,Neutral|Neutral,12,7,5,58.3,41.7,1.4,2023-05|2023-06|2023-07|2023-09|2023-11|2023-12|2024-06|2024-07|2024-09|2024-11|2024-12|2025-01
0.0,2,Core PPI m/m|CPI y/y,Bad|Neutral,10,7,3,70.0,30.0,2.33,2018-04|2018-06|2018-12|2019-07|2020-10|2021-09|2021-12|2024-05|2024-09|2026-01
0.0,2,Core PPI m/m|CPI y/y,Neutral|Neutral,6,3,3,50.0,50.0,1.0,2018-05|2021-01|2022-01|2023-01|2024-11|2024-12
0.0,2,Core PPI m/m|CPI y/y,Good|Neutral,10,7,3,70.0,30.0,2.33,2018-08|2019-01|2020-01|2020-07|2020-12|2022-03|2023-03|2023-12|2025-01|2025-09
0.0,2,Core PPI m/m|CPI y/y,Neutral|Good,5,5,0,100.0,0.0,inf,2018-10|2019-06|2020-06|2023-05|2023-06
0.0,2,Core PPI m/m|CPI y/y,Bad|Bad,16,10,6,62.5,37.5,1.67,2019-02|2019-04|2019-11|2020-02|2020-08|2020-09|2021-04|2021-06|2021-07|2022-02|2022-04|2022-09|2023-02|2023-10|2024-02|2024-03
0.0,2,Core PPI m/m|CPI y/y,Good|Good,15,7,8,46.7,53.3,0.87,2019-03|2019-05|2019-10|2020-05|2020-11|2022-08|2022-11|2023-04|2023-07|2023-11|2024-06|2024-08|2025-03|2025-04|2025-06
0.0,2,Core PPI m/m|CPI y/y,Good|Bad,9,7,2,77.8,22.2,3.5,2019-08|2019-12|2021-10|2021-11|2022-05|2022-06|2022-07|2024-01|2025-07
0.0,2,Core PPI m/m|CPI y/y,Bad|Good,6,5,1,83.3,16.7,5.0,2020-04|2022-12|2023-08|2024-07|2025-08|2026-02
0.0,2,Core PPI m/m|CPI y/y,Neutral|Bad,5,2,3,40.0,60.0,0.67,2022-10|2023-09|2024-04|2024-10|2025-02
0.1,2,Core PPI m/m|CPI y/y,Neutral|Neutral,20,14,6,70.0,30.0,2.33,2018-04|2018-05|2018-06|2018-08|2019-04|2019-06|2019-07|2020-01|2020-12|2021-01|2021-09|2022-01|2022-10|2023-01|2023-05|2023-06|2023-08|2024-09|2024-11|2024-12
0.1,2,Core PPI m/m|CPI y/y,Neutral|Good,6,3,3,50.0,50.0,1.0,2018-10|2019-03|2019-05|2020-06|2020-11|2023-07
0.1,2,Core PPI m/m|CPI y/y,Bad|Neutral,7,5,2,71.4,28.6,2.5,2018-12|2020-10|2021-12|2022-04|2024-05|2025-08|2026-01
0.1,2,Core PPI m/m|CPI y/y,Good|Neutral,9,5,4,55.6,44.4,1.25,2019-01|2020-07|2022-03|2023-03|2023-04|2023-11|2023-12|2025-01|2025-09
0.1,2,Core PPI m/m|CPI y/y,Neutral|Bad,11,7,4,63.6,36.4,1.75,2019-02|2019-11|2021-11|2022-06|2022-07|2023-09|2023-10|2024-03|2024-04|2024-10|2025-02
0.1,2,Core PPI m/m|CPI y/y,Good|Bad,6,4,2,66.7,33.3,2.0,2019-08|2019-12|2021-10|2022-05|2024-01|2025-07
0.1,2,Core PPI m/m|CPI y/y,Good|Good,9,6,3,66.7,33.3,2.0,2019-10|2020-05|2022-08|2022-11|2024-06|2024-08|2025-03|2025-04|2025-06
0.1,2,Core PPI m/m|CPI y/y,Bad|Bad,10,6,4,60.0,40.0,1.5,2020-02|2020-08|2020-09|2021-04|2021-06|2021-07|2022-02|2022-09|2023-02|2024-02
0.1,2,Core PPI m/m|CPI y/y,Bad|Good,4,3,1,75.0,25.0,3.0,2020-04|2022-12|2024-07|2026-02
0.2,2,Core PPI m/m|CPI y/y,Neutral|Neutral,48,33,15,68.8,31.2,2.2,2018-04|2018-05|2018-06|2018-08|2018-10|2018-12|2019-02|2019-03|2019-04|2019-05|2019-06|2019-07|2019-11|2020-01|2020-04|2020-05|2020-06|2020-09|2020-10|2020-11|2020-12|2021-01|2021-09|2022-01|2022-08|2022-10|2023-01|2023-05|2023-06|2023-07|2023-08|2023-09|2023-10|2023-12|2024-01|2024-03|2024-04|2024-07|2024-08|2024-09|2024-10|2024-11|2024-12|2025-01|2025-02|2025-06|2025-07|2026-01
0.2,2,Core PPI m/m|CPI y/y,Good|Neutral,14,6,8,42.9,57.1,0.75,2019-01|2019-08|2019-10|2019-12|2020-07|2021-10|2022-03|2023-03|2023-04|2023-11|2024-06|2025-03|2025-04|2025-09
0.2,2,Core PPI m/m|CPI y/y,Bad|Neutral,7,4,3,57.1,42.9,1.33,2020-02|2021-04|2021-12|2022-04|2024-05|2025-08|2026-02
0.2,2,Core PPI m/m|CPI y/y,Bad|Bad,4,2,2,50.0,50.0,1.0,2020-08|2021-07|2022-02|2024-02
0.2,2,Core PPI m/m|CPI y/y,Neutral|Bad,7,6,1,85.7,14.3,6.0,2021-06|2021-11|2022-05|2022-06|2022-07|2022-09|2023-02
0.2,2,Core PPI m/m|CPI y/y,Good|Good,1,1,0,100.0,0.0,inf,2022-11
0.2,2,Core PPI m/m|CPI y/y,Neutral|Good,1,1,0,100.0,0.0,inf,2022-12
0.3,2,Core PPI m/m|CPI y/y,Neutral|Neutral,62,44,18,71.0,29.0,2.44,2018-04|2018-05|2018-06|2018-08|2018-10|2018-12|2019-02|2019-03|2019-04|2019-05|2019-06|2019-07|2019-11|2020-01|2020-02|2020-04|2020-05|2020-06|2020-09|2020-10|2020-11|2020-12|2021-01|2021-06|2021-09|2021-10|2021-11|2021-12|2022-01|2022-05|2022-06|2022-08|2022-09|2022-10|2022-11|2022-12|2023-01|2023-02|2023-05|2023-06|2023-07|2023-08|2023-09|2023-10|2023-11|2023-12|2024-01|2024-03|2024-04|2024-05|2024-06|2024-07|2024-08|2024-09|2024-10|2024-11|2024-12|2025-01|2025-02|2025-06|2025-07|2026-01
0.3,2,Core PPI m/m|CPI y/y,Good|Neutral,11,4,7,36.4,63.6,0.57,2019-01|2019-08|2019-10|2019-12|2020-07|2022-03|2023-03|2023-04|2025-03|2025-04|2025-09
0.3,2,Core PPI m/m|CPI y/y,Bad|Bad,2,2,0,100.0,0.0,inf,2020-08|2021-07
0.3,2,Core PPI m/m|CPI y/y,Bad|Neutral,6,2,4,33.3,66.7,0.5,2021-04|2022-02|2022-04|2024-02|2025-08|2026-02
0.3,2,Core PPI m/m|CPI y/y,Neutral|Bad,1,1,0,100.0,0.0,inf,2022-07
0.0,2,FOMC|CPI y/y,Neutral|Neutral,5,3,2,60.0,40.0,1.5,2023-03|2023-12|2024-11|2024-12|2025-01
0.0,2,FOMC|CPI y/y,Neutral|Good,6,4,2,66.7,33.3,2.0,2023-05|2023-06|2023-07|2023-11|2024-06|2024-07
0.0,2,FOMC|CPI y/y,Neutral|Bad,1,0,1,0.0,100.0,0.0,2023-09
0.0,2,FOMC|CPI y/y,Good|Neutral,1,1,0,100.0,0.0,inf,2024-09
0.1,2,FOMC|CPI y/y,Neutral|Neutral,8,5,3,62.5,37.5,1.67,2023-03|2023-05|2023-06|2023-11|2023-12|2024-11|2024-12|2025-01
0.1,2,FOMC|CPI y/y,Neutral|Good,3,2,1,66.7,33.3,2.0,2023-07|2024-06|2024-07
0.1,2,FOMC|CPI y/y,Neutral|Bad,1,0,1,0.0,100.0,0.0,2023-09
0.1,2,FOMC|CPI y/y,Good|Neutral,1,1,0,100.0,0.0,inf,2024-09
0.2,2,FOMC|CPI y/y,Neutral|Neutral,12,7,5,58.3,41.7,1.4,2023-03|2023-05|2023-06|2023-07|2023-09|2023-11|2023-12|2024-06|2024-07|2024-11|2024-12|2025-01
0.2,2,FOMC|CPI y/y,Good|Neutral,1,1,0,100.0,0.0,inf,2024-09
0.3,2,FOMC|CPI y/y,Neutral|Neutral,13,8,5,61.5,38.5,1.6,2023-03|2023-05|2023-06|2023-07|2023-09|2023-11|2023-12|2024-06|2024-07|2024-09|2024-11|2024-12|2025-01
